-- ** QUAN TRỌNG: Đảm bảo bạn đã chọn đúng database mới (vd: datawebebook) **
-- ** trong danh sách dropdown Databases của cửa sổ Query này trước khi chạy! **
-- ** HOẶC bỏ comment dòng USE dưới đây và chạy nó trước tiên **
-- USE [datawebebook]; 
-- GO

-- =============================================
-- TẠO BẢNG (THEO THỨ TỰ PHỤ THUỘC)
-- =============================================

PRINT N'Tạo bảng NguoiDung...';
IF OBJECT_ID('dbo.NguoiDung', 'U') IS NULL -- Kiểm tra nếu bảng chưa tồn tại
BEGIN
    CREATE TABLE [dbo].[NguoiDung] (
        [IDNguoiDung] INT            IDENTITY (1, 1) NOT NULL,
        [Username]    NVARCHAR (50)  NOT NULL,
        [Email]       NVARCHAR (100) NOT NULL,
        [MatKhau]     NVARCHAR (255) NOT NULL,
        [DienThoai]   NVARCHAR (20)  NULL,
        [Ten]         NVARCHAR (100) NULL,
        [VaiTro]      INT            DEFAULT ((1)) NULL,
        [AnhNen]      VARBINARY (MAX) NULL, 
        [TrangThai]   NVARCHAR (20)  DEFAULT ('Active') NULL,
        PRIMARY KEY CLUSTERED ([IDNguoiDung] ASC),
        UNIQUE NONCLUSTERED ([Email] ASC),
        UNIQUE NONCLUSTERED ([Username] ASC)
    );
END
ELSE
BEGIN
    PRINT N'Bảng NguoiDung đã tồn tại.';
END
GO

PRINT N'Tạo bảng Sach...';
IF OBJECT_ID('dbo.Sach', 'U') IS NULL
BEGIN
    CREATE TABLE [dbo].[Sach] (
        [IDSach]           INT            IDENTITY (1, 1) NOT NULL,
        [TenSach]          NVARCHAR (255) NULL,
        [TacGia]           NVARCHAR (100) NULL,
        [GiaSach]          DECIMAL (10, 2) NULL,
        [MoTa]             NVARCHAR (MAX) NULL,
        [TrangThaiNoiDung] NVARCHAR (50)  NULL,
        [DuongDanBiaSach]  NVARCHAR (500) NULL,
        [LoaiSach]         NVARCHAR (50)  NULL,
        [TheLoaiChuoi]     NVARCHAR (MAX) NULL,
        [NhaXuatBan]       NVARCHAR (100) NULL,
        [NhomDich]         NVARCHAR (100) NULL,
        PRIMARY KEY CLUSTERED ([IDSach] ASC)
    );
END
ELSE
BEGIN
    PRINT N'Bảng Sach đã tồn tại.';
END
GO

PRINT N'Tạo bảng DonHang...';
IF OBJECT_ID('dbo.DonHang', 'U') IS NULL
BEGIN
    CREATE TABLE [dbo].[DonHang] (
        [IDDonHang]           INT            IDENTITY (1, 1) NOT NULL,
        [IDNguoiDung]         INT            NOT NULL,
        [NgayDat]             DATETIME       DEFAULT (getdate()) NULL,
        [SoTien]              DECIMAL (10, 2) NULL,
        [TrangThaiThanhToan]  NVARCHAR (50)  DEFAULT ('Pending') NULL,
        [PhuongThucThanhToan] NVARCHAR (50)  NULL,
        PRIMARY KEY CLUSTERED ([IDDonHang] ASC),
        FOREIGN KEY ([IDNguoiDung]) REFERENCES [dbo].[NguoiDung] ([IDNguoiDung])
    );
END
ELSE
BEGIN
    PRINT N'Bảng DonHang đã tồn tại.';
END
GO

PRINT N'Tạo bảng ChiTietDonHang...';
IF OBJECT_ID('dbo.ChiTietDonHang', 'U') IS NULL
BEGIN
    CREATE TABLE [dbo].[ChiTietDonHang] (
        [IDChiTiet] INT           IDENTITY (1, 1) NOT NULL,
        [IDDonHang] INT           NOT NULL,
        [IDSach]    INT           NOT NULL,
        [SoLuong]   INT           DEFAULT ((1)) NOT NULL,
        [Gia]       DECIMAL (10, 2) NOT NULL,
        PRIMARY KEY CLUSTERED ([IDChiTiet] ASC),
        FOREIGN KEY ([IDSach]) REFERENCES [dbo].[Sach] ([IDSach]),
        FOREIGN KEY ([IDDonHang]) REFERENCES [dbo].[DonHang] ([IDDonHang]) ON DELETE CASCADE
    );
END
ELSE
BEGIN
    PRINT N'Bảng ChiTietDonHang đã tồn tại.';
END
GO

PRINT N'Tạo bảng DanhGiaSach...';
IF OBJECT_ID('dbo.DanhGiaSach', 'U') IS NULL
BEGIN
    CREATE TABLE [dbo].[DanhGiaSach] (
        [IDDanhGia]   INT            IDENTITY (1, 1) NOT NULL,
        [IDNguoiDung] INT            NOT NULL,
        [IDSach]      INT            NOT NULL,
        [Diem]        INT            NOT NULL,
        [NhanXet]     NVARCHAR (MAX) NULL,
        [NgayDanhGia] DATETIME       DEFAULT (getdate()) NOT NULL,
        PRIMARY KEY CLUSTERED ([IDDanhGia] ASC),
        FOREIGN KEY ([IDNguoiDung]) REFERENCES [dbo].[NguoiDung] ([IDNguoiDung]) ON DELETE CASCADE,
        FOREIGN KEY ([IDSach]) REFERENCES [dbo].[Sach] ([IDSach]) ON DELETE CASCADE,
        CONSTRAINT [CK_DanhGiaSach_Diem] CHECK ([Diem]>=(1) AND [Diem]<=(5))
    );
END
ELSE
BEGIN
    PRINT N'Bảng DanhGiaSach đã tồn tại.';
END
GO

PRINT N'Tạo bảng GioHang...';
IF OBJECT_ID('dbo.GioHang', 'U') IS NULL
BEGIN
    CREATE TABLE [dbo].[GioHang] (
        [IDGioHang]   INT IDENTITY (1, 1) NOT NULL,
        [IDSach]      INT NOT NULL,
        [IDNguoiDung] INT NOT NULL,
        [SoLuong]     INT NULL,
        PRIMARY KEY CLUSTERED ([IDGioHang] ASC),
        FOREIGN KEY ([IDSach]) REFERENCES [dbo].[Sach] ([IDSach]),
        FOREIGN KEY ([IDNguoiDung]) REFERENCES [dbo].[NguoiDung] ([IDNguoiDung])
    );
END
ELSE
BEGIN
    PRINT N'Bảng GioHang đã tồn tại.';
END
GO

PRINT N'Tạo bảng NoiDungSach...';
IF OBJECT_ID('dbo.NoiDungSach', 'U') IS NULL
BEGIN
    CREATE TABLE [dbo].[NoiDungSach] (
        [IDNoiDung]   INT            IDENTITY (1, 1) NOT NULL,
        [IDSach]      INT            NOT NULL,
        [SoChuong]    INT            NOT NULL,
        [TenChuong]   NVARCHAR (255) NULL,
        [LoaiNoiDung] NVARCHAR (50)  NOT NULL,
        [DuongDan]    NVARCHAR (MAX) NULL,
        [NoiDungText] NVARCHAR (MAX) NULL,
        [NgayTao]     DATETIME       DEFAULT (getdate()) NULL,
        PRIMARY KEY CLUSTERED ([IDNoiDung] ASC),
        CONSTRAINT [UQ_Sach_Chuong] UNIQUE NONCLUSTERED ([IDSach] ASC, [SoChuong] ASC),
        FOREIGN KEY ([IDSach]) REFERENCES [dbo].[Sach] ([IDSach]) ON DELETE CASCADE
    );
END
ELSE
BEGIN
    PRINT N'Bảng NoiDungSach đã tồn tại.';
END
GO

PRINT N'Tạo bảng TuongTac...';
IF OBJECT_ID('dbo.TuongTac', 'U') IS NULL
BEGIN
    CREATE TABLE [dbo].[TuongTac] (
        [IDTuongTac]   INT            IDENTITY (1, 1) NOT NULL,
        [IDNguoiDung]  INT            NOT NULL,
        [IDSach]       INT            NOT NULL,
        [SoChap]       INT            NULL,
        [BinhLuan]     NVARCHAR (MAX) NULL,
        [NgayBinhLuan] DATETIME       DEFAULT (getdate()) NULL,
        PRIMARY KEY CLUSTERED ([IDTuongTac] ASC),
        FOREIGN KEY ([IDSach]) REFERENCES [dbo].[Sach] ([IDSach]),
        FOREIGN KEY ([IDNguoiDung]) REFERENCES [dbo].[NguoiDung] ([IDNguoiDung])
    );
END
ELSE
BEGIN
    PRINT N'Bảng TuongTac đã tồn tại.';
END
GO

PRINT N'Tạo bảng TuSach...';
IF OBJECT_ID('dbo.TuSach', 'U') IS NULL
BEGIN
    CREATE TABLE [dbo].[TuSach] (
        [IDNguoiDung] INT           NOT NULL,
        [IDSach]      INT           NOT NULL,
        [NgayThem]    DATETIME      DEFAULT (getdate()) NULL,
        [ViTriDoc]    NVARCHAR (50) NULL,
        PRIMARY KEY CLUSTERED ([IDNguoiDung] ASC, [IDSach] ASC),
        FOREIGN KEY ([IDSach]) REFERENCES [dbo].[Sach] ([IDSach]),
        FOREIGN KEY ([IDNguoiDung]) REFERENCES [dbo].[NguoiDung] ([IDNguoiDung])
    );
END
ELSE
BEGIN
    PRINT N'Bảng TuSach đã tồn tại.';
END
GO

-- =============================================
-- CHÈN DỮ LIỆU (NẾU BẢNG TƯƠNG ỨNG TRỐNG)
-- Lưu ý: Phần này sẽ chèn dữ liệu nếu bảng trống,
-- nếu bạn muốn nó chèn thêm kể cả khi có dữ liệu rồi thì xóa điều kiện IF NOT EXISTS
-- =============================================

PRINT N'Chèn dữ liệu NguoiDung...';
IF NOT EXISTS (SELECT 1 FROM dbo.NguoiDung)
BEGIN
    SET IDENTITY_INSERT [dbo].[NguoiDung] ON;
    INSERT INTO [dbo].[NguoiDung] ([IDNguoiDung], [Username], [Email], [MatKhau], [DienThoai], [Ten], [VaiTro], [AnhNen], [TrangThai]) VALUES (1, N'abc@acsd.com', N'nho.macarong@gmail.com', N'123456', NULL, NULL, 1, NULL, N'Locked'); 
    INSERT INTO [dbo].[NguoiDung] ([IDNguoiDung], [Username], [Email], [MatKhau], [DienThoai], [Ten], [VaiTro], [AnhNen], [TrangThai]) VALUES (2, N'abcss', N'abc@acsd.com', N'123456', NULL, NULL, 1, NULL, N'Locked'); 
    INSERT INTO [dbo].[NguoiDung] ([IDNguoiDung], [Username], [Email], [MatKhau], [DienThoai], [Ten], [VaiTro], [AnhNen], [TrangThai]) VALUES (3, N'acd', N'Shu.tmusic0311@gmail.com', N'8d969eef6ecad3c29a3a629280e686cf0c3f5d5a86aff3ca12020c923adc6c92', N'030303', N'hola', 0, NULL, N'Locked'); 
    INSERT INTO [dbo].[NguoiDung] ([IDNguoiDung], [Username], [Email], [MatKhau], [DienThoai], [Ten], [VaiTro], [AnhNen], [TrangThai]) VALUES (4, N'dấdsad', N'adada@fssafas.fvsdsdf', N'123456', N'31313321', N'shushu', 0, NULL, N'Active'); 
    INSERT INTO [dbo].[NguoiDung] ([IDNguoiDung], [Username], [Email], [MatKhau], [DienThoai], [Ten], [VaiTro], [AnhNen], [TrangThai]) VALUES (5, N'ffsafsa', N'admindad@sadak.vn', N'123456', NULL, NULL, 1, NULL, N'Locked'); 
    INSERT INTO [dbo].[NguoiDung] ([IDNguoiDung], [Username], [Email], [MatKhau], [DienThoai], [Ten], [VaiTro], [AnhNen], [TrangThai]) VALUES (6, N'ffsafsadasdfa', N'admiasdndad@sadak.vn', N'123456', NULL, NULL, 1, NULL, N'Locked'); 
    INSERT INTO [dbo].[NguoiDung] ([IDNguoiDung], [Username], [Email], [MatKhau], [DienThoai], [Ten], [VaiTro], [AnhNen], [TrangThai]) VALUES (7, N'admin', N'admin@admin.com', N'123456', N'0376512695', N'shushu', 0, NULL, N'Active'); 
    INSERT INTO [dbo].[NguoiDung] ([IDNguoiDung], [Username], [Email], [MatKhau], [DienThoai], [Ten], [VaiTro], [AnhNen], [TrangThai]) VALUES (8, N'shu0311', N'shu0311@shu.vn', N'123456', N'0376512695', N'hi ae', 1, NULL, N'Active'); 
    INSERT INTO [dbo].[NguoiDung] ([IDNguoiDung], [Username], [Email], [MatKhau], [DienThoai], [Ten], [VaiTro], [AnhNen], [TrangThai]) VALUES (9, N'test1', N'test1@test.com', N'tesst123', NULL, NULL, 1, NULL, N'Active'); 
    INSERT INTO [dbo].[NguoiDung] ([IDNguoiDung], [Username], [Email], [MatKhau], [DienThoai], [Ten], [VaiTro], [AnhNen], [TrangThai]) VALUES (10, N'test2', N'test2@test.com', N'test22000', N'02036523626', N'ới', 1, NULL, N'Active'); 
    -- Thêm các dòng INSERT NguoiDung khác từ file của bạn nếu cần
    SET IDENTITY_INSERT [dbo].[NguoiDung] OFF;
END
ELSE
BEGIN
    PRINT N'Bảng NguoiDung đã có dữ liệu, bỏ qua chèn.';
END
GO

PRINT N'Chèn dữ liệu Sach...';
IF NOT EXISTS (SELECT 1 FROM dbo.Sach)
BEGIN
    SET IDENTITY_INSERT [dbo].[Sach] ON;
    INSERT INTO [dbo].[Sach] ([IDSach], [TenSach], [TacGia], [GiaSach], [MoTa], [TrangThaiNoiDung], [DuongDanBiaSach], [LoaiSach], [TheLoaiChuoi], [NhaXuatBan], [NhomDich]) VALUES (10, N'Kanojo no Real ga Kirinukenai!', N'Karasuma Ei (烏丸英)', CAST(95000.00 AS Decimal(10, 2)), N'Riku Mikami, who is starting as a university student in the spring, finds out that his favorite VTuber is taking a hiatus. The one who cheers him up is Rui Saionji, his classmate. Will Riku resolve to make Rui his "oshi"?', N'Đang cập nhật', N'~/Uploads/Covers/aa68ad68-7fc4-453a-abce-1d22635389a5.jpg', N'Truyện Tranh', N'School Life, Shounen, Romance', N'mangadex', N'Keke Kitaya');
    INSERT INTO [dbo].[Sach] ([IDSach], [TenSach], [TacGia], [GiaSach], [MoTa], [TrangThaiNoiDung], [DuongDanBiaSach], [LoaiSach], [TheLoaiChuoi], [NhaXuatBan], [NhomDich]) VALUES (11, N'Sau Khi Bảo Vệ Cô Gái Xinh Đẹp Trên Tàu Điện Và Bỏ Đi Không Để Lại Tên Tuổi. Nào ngờ, cả nước lại tôn vinh tôi như một người hùng', N'水戸前 カルヤ', CAST(75000.00 AS Decimal(10, 2)), N'Vào một ngày tháng Hai nọ, Ryo – main của bộ chuyện – đang tham gia kỳ tuyển sinh của Học viện Tokinozawa, một ngôi trường từng là trường nữ sinh. Thế nhưng, trên đường về sau kỳ thi, cậu vô tình chạm trán với một tên khủng bố trên tàu điện ngầm. Trong khi hành khách xung quanh hoảng loạn bỏ chạy, một cô gái xinh đẹp không may trượt ngã, khiến cô ấy không kịp thoát thân. Để cứu cô, Ryo đã quyết định đơn độc đối đầu với kẻ tấn công. Nhờ những kỹ năng võ thuật được rèn luyện trong quá khứ, cậu đã xuất sắc giành chiến thắng. Nhưng vì kiệt sức sau kỳ thi, Ryo không kịp để lại danh tính mà chỉ lặng lẽ rời đi. Tuy nhiên… Chính hành động ấy lại khiến cư dân mạng dậy sóng. Hình ảnh của cậu được lan truyền khắp nơi, và chẳng bao lâu, Ryo bất đắc dĩ trở thành một người hùng được ca ngợi trên toàn quốc. Dẫu vậy, điều cậu mong muốn chỉ là một cuộc sống học đường yên bình, không ai biết đến danh tính thật. Nhưng trớ trêu thay, cô gái mà cậu đã cứu hôm ấy lại là bạn cùng lớp tại ngôi trường mới! Một cuộc sống học đường đầy cam go bắt đầu – nơi mà Ryo phải bằng mọi giá giữ kín thân phận của mình.', N'Đang cập nhật', N'~/Uploads/Covers/32ba16cf-e120-4e8b-bbb4-31644593e51a.png', N'Truyện Chữ', N'Comedy, Romance, School Life, Slice of Life, Web Novel', N'docln', N'Hako Translation');
    INSERT INTO [dbo].[Sach] ([IDSach], [TenSach], [TacGia], [GiaSach], [MoTa], [TrangThaiNoiDung], [DuongDanBiaSach], [LoaiSach], [TheLoaiChuoi], [NhaXuatBan], [NhomDich]) VALUES (12, N'Houkago no Cinderella-kun', N'Tokonoma', CAST(45000.00 AS Decimal(10, 2)), N'It''s a romantic comedy about the overbearing love between a popular, outgoing boy and a girl who is actually a cross-dressing boy!', N'Hoàn thành', N'~/Uploads/Covers/f49c322f-1bb2-48a1-bf59-ea34aec411df.jpg', N'Truyện Tranh', N'Boys'' Love, Comedy, Romance, Slice of Life', N'MangaUpdates', N'Maniac MJ');
    INSERT INTO [dbo].[Sach] ([IDSach], [TenSach], [TacGia], [GiaSach], [MoTa], [TrangThaiNoiDung], [DuongDanBiaSach], [LoaiSach], [TheLoaiChuoi], [NhaXuatBan], [NhomDich]) VALUES (13, N'Girl''s Heart @ High School Boy', N'noname', CAST(20000.00 AS Decimal(10, 2)), N'no', N'Đang cập nhật', N'~/Uploads/Covers/2c3c4433-8f34-48d5-991d-051c35dda7dd.png', N'Truyện Tranh', N'Boys'' Love, Comedy, Romance, Slice of Life', N'noname', N'ika');
    INSERT INTO [dbo].[Sach] ([IDSach], [TenSach], [TacGia], [GiaSach], [MoTa], [TrangThaiNoiDung], [DuongDanBiaSach], [LoaiSach], [TheLoaiChuoi], [NhaXuatBan], [NhomDich]) VALUES (22, N'Kanojo no Real ga Kirinukenai!', N'Karasuma Ei (烏丸英), Keke Kitaya', CAST(200000.00 AS Decimal(10, 2)), N'Riku Mikami, who is starting as a university student in the spring, finds out that his favorite VTuber is taking a hiatus. The one who cheers him up is Rui Saionji, his classmate. Will Riku resolve to make Rui his "oshi"?', N'Đang cập nhật', N'~/Uploads/Covers/018d92be-e020-48ba-a93d-ab8fd89dedd4.jpg', N'Truyện Tranh', N'School Life, Shounen, Romance', N'mangadex', N'Keke Kitaya');
    INSERT INTO [dbo].[Sach] ([IDSach], [TenSach], [TacGia], [GiaSach], [MoTa], [TrangThaiNoiDung], [DuongDanBiaSach], [LoaiSach], [TheLoaiChuoi], [NhaXuatBan], [NhomDich]) VALUES (24, N'Kanojo no Real ga Kirinukenai!', N'Karasuma Ei (烏丸英), Keke Kitaya', CAST(200000.00 AS Decimal(10, 2)), NULL, N'Đang cập nhật', N'~/Uploads/Covers/3d4e0d3f-9c98-4369-ad06-f483e2e4476f.jpg', N'Truyện Tranh', N'School Life, Shounen, Romance', N'mangadex', N'Keke Kitaya');
    INSERT INTO [dbo].[Sach] ([IDSach], [TenSach], [TacGia], [GiaSach], [MoTa], [TrangThaiNoiDung], [DuongDanBiaSach], [LoaiSach], [TheLoaiChuoi], [NhaXuatBan], [NhomDich]) VALUES (36, N'Tonari no Seki no Inkya Joshi ga Oshi Utaite Datta ~Ore no Kyoku wo Uttatekure!~', N'Satou Ame', CAST(125000.00 AS Decimal(10, 2)), N'"Tại sao ca sĩ tôi yêu thích lại hát bài hát của tôi!?" Tsunagu Kurose, một học sinh trung học đam mê sáng tác nhạc nhưng giọng hát lại tệ, thường xuyên nhận phải những lời chỉ trích mỗi khi đăng tải chúng lên Internet. Một ngày nọ, khi đang miễn cưỡng gánh vác trách nhiệm chụp ảnh kỷ niệm lễ hội văn hóa với Otoha Hinomori - một người bạn cùng lớp ít nói ngồi cạnh, người bạn thời thơ ấu Tetsu Tamura của anh đã rơi vào tình thế tiến thoái lưỡng nan vì những tai nạn không thể tránh khỏi xảy ra trên sân khấu do câu lạc bộ của anh điều hành. Không chút do dự, Tsunagu đã đưa cho anh những bản nhạc demo do anh sáng tác để cứu vãn tình hình. Thật không may, Tetsu đã mở nhầm tệp nhạc có lời bài hát tệ hại của Tsunagu, khiến anh cảm thấy muốn ẩn náu vì thảm họa đáng tiếc đó. Trong cơn tuyệt vọng trước tình huống khốn khổ này, Otoha tháo chiếc kính dày của mình ra, nắm chặt micro và ngân nga bài hát đó! "Giọng hát này có giống với giọng của icy không - ca sĩ mà tôi luôn ngưỡng mộ...!?"', N'Đang cập nhật', N'~/Uploads/Covers/93f49c6a-57b9-4f1b-ae50-f66f47f8124b.jpg', N'Truyện Tranh', N'Suggestive ,Romance ,Comedy ,School Life ,Slice of Life, Music', N'MangaUpdates', N'Futari Home');
    INSERT INTO [dbo].[Sach] ([IDSach], [TenSach], [TacGia], [GiaSach], [MoTa], [TrangThaiNoiDung], [DuongDanBiaSach], [LoaiSach], [TheLoaiChuoi], [NhaXuatBan], [NhomDich]) VALUES (37, N'Shitsurenshita node Vtuber Hajimetara Toshiue no Onee-san ni Motemashita', N'Rie (凛愛), Nito Rin', CAST(95000.00 AS Decimal(10, 2)), N'Bị sốc sau khi Yuki Himemura phát hiện ra rằng senpai của câu lạc bộ mà anh ấy thích đã có bạn trai, anh ấy quyết định trở thành một VTuber - điều mà cả anh ấy và senpai của anh ấy luôn thích - và sử dụng tiền tiết kiệm của mình để lắp ráp thiết bị. Anh ấy thiết kế nhân vật ảo của mình chỉ để phát hiện ra rằng đó là mô hình 3D của một cô gái dễ thương và trong quá trình đó, vô tình anh ấy lại hóa thân thành một cô gái như vậy! Không chỉ vậy mà người thiết kế và lắp ráp mô hình của anh ấy cùng những VTuber mà anh ấy yêu thích cũng bắt đầu thích anh ấy…?', N'Hoàn thành', N'~/Uploads/Covers/c94c57ec-cf5d-4835-beb1-634aebfb2afd.jpg', N'Truyện Tranh', N'Suggestive ,Romance ,Crossdressing, Harem ,Shota ,Slice of Life, Adaptation', N'mangadex', N'The Greenhorn Translation');
    INSERT INTO [dbo].[Sach] ([IDSach], [TenSach], [TacGia], [GiaSach], [MoTa], [TrangThaiNoiDung], [DuongDanBiaSach], [LoaiSach], [TheLoaiChuoi], [NhaXuatBan], [NhomDich]) VALUES (38, N'Kanojo no Real ga Kiriukenai!', N'Karasuma Ei (烏丸英), Keke Kitaya', CAST(110000.00 AS Decimal(10, 2)), N'Riku Mikami, người sắp vào đại học vào mùa xuân, phát hiện ra VTuber yêu thích của mình đang tạm nghỉ. Người động viên anh là Rui Saionji, bạn cùng lớp của anh. Liệu Riku có quyết tâm biến Rui thành "oshi" của mình không?', N'Đang cập nhật', N'~/Uploads/Covers/785b3e13-0090-4a2e-bb20-4f580be8af31.jpg', N'Truyện Tranh', N'Romance ,School Life', N'mangadex', N'Tây và Tây');
    INSERT INTO [dbo].[Sach] ([IDSach], [TenSach], [TacGia], [GiaSach], [MoTa], [TrangThaiNoiDung], [DuongDanBiaSach], [LoaiSach], [TheLoaiChuoi], [NhaXuatBan], [NhomDich]) VALUES (39, N'Houkago no Cinderella-kun', N'Tokonoma', CAST(65000.00 AS Decimal(10, 2)), N'Đây là bộ phim hài lãng mạn về tình yêu ngang trái giữa một chàng trai nổi tiếng, hướng ngoại và một cô gái thực chất là một chàng trai thích mặc đồ nữ!', N'Đang cập nhật', N'~/Uploads/Covers/66bdd730-1431-4e26-a078-d6bac6e6b8cb.jpg', N'Truyện Tranh', N'Oneshot ,Romance ,Comedy, Boys'' Love ,Crossdressing, School Life, Slice of Life', N'mangadex', N'Maniac MJ');
    INSERT INTO [dbo].[Sach] ([IDSach], [TenSach], [TacGia], [GiaSach], [MoTa], [TrangThaiNoiDung], [DuongDanBiaSach], [LoaiSach], [TheLoaiChuoi], [NhaXuatBan], [NhomDich]) VALUES (40, N'Zatsu Tabi: That''s Journey', N'Ishizaka Kenta', CAST(55000.00 AS Decimal(10, 2)), N'Chika Suzugamori, một họa sĩ truyện tranh mới vào nghề, liên tục bị từ chối mỗi khi cô nộp bản thảo mới. Khi đang trên bờ vực bỏ cuộc, cô đột nhiên nảy ra ý tưởng thực hiện một chuyến hành trình-', N'Tạm dừng', N'~/Uploads/Covers/f6c193a6-9eff-462a-b661-b1a146fa043c.jpg', N'Truyện Tranh', N'Comedy ,Adventure ,Slice of Life', N'mangadex', N'nhưng kẻ đợi mùa xuân');
    INSERT INTO [dbo].[Sach] ([IDSach], [TenSach], [TacGia], [GiaSach], [MoTa], [TrangThaiNoiDung], [DuongDanBiaSach], [LoaiSach], [TheLoaiChuoi], [NhaXuatBan], [NhomDich]) VALUES (41, N'Destiny Unchain Online ~Kyuuketsu-ki Shoujo to natte, Yagate『Aka no Maou』to Yobareru You ni Narimashita~', N'resn, Yachimoto', CAST(115000.00 AS Decimal(10, 2)), N'Mitsuki Kou là một game thủ PVP đáng sợ đến mức anh ta được một số người đặt cho biệt danh "Crim the Headhunter". Trò chơi tiếp theo của anh ta là gì? "Destiny Unchain Online", một trò chơi VRMMO hoàn toàn mới do không ai khác ngoài cha của Kou phát triển. Nhưng, không có trò chơi mới nào vào ngày phát hành mà không có lỗi - cụ thể là, Kou bị trục trặc ở giữa hư không, và hình đại diện ma cà rồng của anh ta biến thành một cô gái! Một câu chuyện dành cho tất cả những người thông qua trò chơi đã gặp gỡ những người bạn mới và hướng đến đỉnh cao... bắt đầu!', N'Đang cập nhật', N'~/Uploads/Covers/b0ba2a05-31eb-4176-971f-0ac6608e259f.jpg', N'Truyện Tranh', N'Genderswap ,Action, Adventure ,Virtual Reality, Video Games ,Magic, Fantasy, Vampires ,Adaptation', N'mangadex', N'IkaScans');
    INSERT INTO [dbo].[Sach] ([IDSach], [TenSach], [TacGia], [GiaSach], [MoTa], [TrangThaiNoiDung], [DuongDanBiaSach], [LoaiSach], [TheLoaiChuoi], [NhaXuatBan], [NhomDich]) VALUES (42, N'Shōsetsuka ni Narō', N'Shōsetsuka ni Narō', CAST(95000.00 AS Decimal(10, 2)), N'Truyện kể về một cô gái tên Urano, 22 tuổi, là một con mọt sách. Sau khi lấy được bằng thủ thư sau bao khó khăn, rốt cục cô lại chết. Và rồi cô được tái sinh thành một cô nhóc 5 tuổi ở thế giới khác, nơi mà trình độ dân trí thấp và sách là một thứ hoàn toàn xa xỉ. Từ đây cô bắt đầu cố hết sức để có thể được đọc sách trong cuộc sống mới này.', N'Đang cập nhật', N'~/Uploads/Covers/a884e43c-54bf-4468-ab35-202c7e1fdac5.jpg', N'Truyện Chữ', N'Fantasy, Isekai ,Slice of Life ,Adventure ,Drama ,Historical ,Adapted to Anime ,Adapted to Manga', N'docln', N'東京//Tokyo Novel');
    INSERT INTO [dbo].[Sach] ([IDSach], [TenSach], [TacGia], [GiaSach], [MoTa], [TrangThaiNoiDung], [DuongDanBiaSach], [LoaiSach], [TheLoaiChuoi], [NhaXuatBan], [NhomDich]) VALUES (43, N'※Dành Tình Yêu Cho Em Gái Cũng Là Một Công Việc Quan Trọng', N'Yayoi Shirou', CAST(89000.00 AS Decimal(10, 2)), N'Cô em gái này, sao lại dễ thương quá trời vậy nè ! ? Cùng cười, cùng khóc và cùng run rẩy vì tác phẩm Imouto RomCom đầy sáng tạo và nhiệt huyết này đi! Mitsuki Hiro có một cô em gái rượu mà anh sẵn sàng hy sinh cả tính mạng của mình――Đó chính là Mitsuki Iiba. Mỗi sáng, họ đều cùng nhau thức dậy, cùng nhau ăn sáng, sau đó người này sẽ đi làm còn người kia thì đến trường. Dẫu cho địa ngục làm thêm giờ kéo dài tưởng chừng như vô tận, nụ cười cùng câu nói 「Mừng anh về」 của Iiba đã là quá đủ để cứu rỗi tâm hồn anh. Thậm chí anh còn hay tranh thủ chải tóc cho em gái vào những buổi tối được tan làm sớm. ――――Dẫu vậy, cặp anh em nhà Mitsuki đó lại có một bí mật mà không để cho bất kỳ ai biết! Thực ra thì, Iiba là một tác giả light novel (chưa được xuất bản), với Hiro chính là biên tập viên! 「Cứ để như thế này, vị trí biên tập viên có lẽ sẽ bị thay đổi mất. Nếu không phải là onii-chan thì em ứ chịu đâu」 Nhằm biến em gái mình trở thành một tác giả nổi tiếng, Hiro để cho Iiba ngồi vào lòng mình và giúp cô em gái viết lách ngày này qua ngày khác. Thỉnh thoảng anh lại xoa đầu và khen ngợi cô em, thậm chí họ còn giải tỏa áp lực bằng cách tắm cùng nhau nữa ! ? Mặc dù vậy, Iiba lại toàn viết những cuốn novel có nội dung kỵ quặc cả......!? Một tác phẩm mà các onii-chan trên toàn thế giới chắc chắn phải đọc! Hãy cùng cười, cùng khóc và cùng run rẩy vì tác phẩm Imouto RomCom đầy sáng tạo và nhiệt huyết này đi! Tác phẩm này, chính là một món quà dành cho những ai yêu thích câu chuyện về――hồ sơ sáng tạo của một cặp anh em có thể làm rung chuyển thế giới vào một ngày nào đó.', N'Đang cập nhật', N'~/Uploads/Covers/1935c5b5-e527-42b6-9192-41a13cdd8693.jpg', N'Truyện Chữ', N'Romance, Comedy ,Slice of Life ,One shot', N'docln', N'KARASU-KAI');
    INSERT INTO [dbo].[Sach] ([IDSach], [TenSach], [TacGia], [GiaSach], [MoTa], [TrangThaiNoiDung], [DuongDanBiaSach], [LoaiSach], [TheLoaiChuoi], [NhaXuatBan], [NhomDich]) VALUES (44, N'Shimotsuki wa Mob ga Suki', N'Yagami Kagami', CAST(105000.00 AS Decimal(10, 2)), N'Nếu đây là một bộ romcom thông thường, có lẽ tôi sẽ chỉ là một nhân vật làm nền không hơn không kém. Đứa em kế, cô bạn thân, và cả bạn thuở nhỏ, giờ đây ai nấy đều say đắm cái tên đào hoa kia cả rồi. Không cần làm gì, chỉ thở thôi cũng được yêu mến, thản nhiên khiến những người con gái quan trọng với tôi rơi vào harem, tên nhân vật chính đó giờ đang vui vẻ tận hưởng tuổi thanh xuân của mình. Như một nhân vật phụ, đáng lẽ tôi chỉ có thể ngồi ở xó lớp mà quan sát nhân vật chính từ xa... vậy mà, cô ấy đã phát hiện ra tôi. Bất kể có là bạn thuở nhỏ của nhân vật chính, với thân phận như là nữ chính, người con gái đó vẫn chọn tôi. Bình thường im lìm chẳng nói gì, biểu cảm cũng không có, thế mà chỉ với tôi thì cô cười nói luôn miệng. Cô bảo tôi đặc biệt, hơn cả nhân vật chính kia, dù tôi chỉ là một thằng nhân vật nền... Đây là câu chuyện về tôi, một tên nhân vật nền tẻ nhạt. Được kể dưới góc nhìn meta, một câu chuyện romcom về nhân vật nền được Shimotsuki-san đem lòng yêu mến.', N'Đang cập nhật', N'~/Uploads/Covers/c0ee559a-1c7d-4a84-ac8b-bdd6a16239da.jpg', N'Truyện Chữ', N'Drama ,Psychological, Romance, School Life ,Shounen, Web Novel ,Adapted to Manga', N'docln', N'NEET-kiêm-Hikkomori');
    INSERT INTO [dbo].[Sach] ([IDSach], [TenSach], [TacGia], [GiaSach], [MoTa], [TrangThaiNoiDung], [DuongDanBiaSach], [LoaiSach], [TheLoaiChuoi], [NhaXuatBan], [NhomDich]) VALUES (45, N'Otonari no Tenshi-sama ni Itsu no Aida ni ka Dame Ningen ni Sareteiru ken', N'佐伯さん', CAST(95000.00 AS Decimal(10, 2)), N'Amane Fujimiya là một học sinh bình thường không có gì nổi bật. Người hàng xóm của căn chung cư nơi cậu sống là nữ thiên thần dễ thương số 1 của trường, một vẻ đẹp không tì vết và chỉ có thể được miêu tả bằng từ "thánh nữ" – Shiina Mahiru. Amane dù là hàng xóm của cô nhưng cho đến bây giờ vẫn chưa nói chuyện lần nào. Sau một lần gặp cô gái thiên thần ấy thút thít dưới trời mưa: "Tôi đến trả lại đồ hôm trước mượn của cậu đây. À mà này, dọn phòng đi. Nhìn như bãi rác ấy." "Không phải chuyện của cậu." Mối quan hệ với một nữ thần độc miệng, khởi nguồn từ việc cho mượn ô. Từ bị cảm lạnh và được ai đó chăm sóc, đến việc nấu ăn cho ai đó vì họ chẳng biết quan tâm đến sức khỏe mình, và rồi hai người cùng ấy ấy (làm việc nhà)...', N'Đang cập nhật', N'~/Uploads/Covers/1a583dec-70de-47ab-b72a-a7a83eadfd3b.jpg', N'Truyện Chữ', N'Comedy ,Romance ,School Life ,Slice of Life', N'docln', N'DWR');
    -- Thêm các dòng INSERT Sach khác từ file của bạn nếu cần
    SET IDENTITY_INSERT [dbo].[Sach] OFF;
END
ELSE
BEGIN
    PRINT N'Bảng Sach đã có dữ liệu, bỏ qua chèn.';
END
GO

PRINT N'Chèn dữ liệu DonHang...';
IF NOT EXISTS (SELECT 1 FROM dbo.DonHang)
BEGIN
SET IDENTITY_INSERT [dbo].[DonHang] ON 
INSERT [dbo].[DonHang] ([IDDonHang], [IDNguoiDung], [NgayDat], [SoTien], [TrangThaiThanhToan], [PhuongThucThanhToan]) VALUES (1, 8, CAST(N'2025-04-04T12:52:00.133' AS DateTime), CAST(0.00 AS Decimal(10, 2)), N'Completed', N'COD')
INSERT [dbo].[DonHang] ([IDDonHang], [IDNguoiDung], [NgayDat], [SoTien], [TrangThaiThanhToan], [PhuongThucThanhToan]) VALUES (2, 8, CAST(N'2025-04-04T13:06:06.733' AS DateTime), CAST(20000.00 AS Decimal(10, 2)), N'Completed', N'COD')
INSERT [dbo].[DonHang] ([IDDonHang], [IDNguoiDung], [NgayDat], [SoTien], [TrangThaiThanhToan], [PhuongThucThanhToan]) VALUES (3, 8, CAST(N'2025-04-04T13:25:47.403' AS DateTime), CAST(45000.00 AS Decimal(10, 2)), N'Completed', N'Bank')
INSERT [dbo].[DonHang] ([IDDonHang], [IDNguoiDung], [NgayDat], [SoTien], [TrangThaiThanhToan], [PhuongThucThanhToan]) VALUES (4, 8, CAST(N'2025-04-04T13:26:15.550' AS DateTime), CAST(95000.00 AS Decimal(10, 2)), N'Completed', N'COD')
INSERT [dbo].[DonHang] ([IDDonHang], [IDNguoiDung], [NgayDat], [SoTien], [TrangThaiThanhToan], [PhuongThucThanhToan]) VALUES (5, 8, CAST(N'2025-04-04T15:09:44.633' AS DateTime), CAST(95000.00 AS Decimal(10, 2)), N'Completed', N'COD')
INSERT [dbo].[DonHang] ([IDDonHang], [IDNguoiDung], [NgayDat], [SoTien], [TrangThaiThanhToan], [PhuongThucThanhToan]) VALUES (6, 8, CAST(N'2025-04-04T17:59:13.183' AS DateTime), CAST(20000.00 AS Decimal(10, 2)), N'Completed', N'COD')
INSERT [dbo].[DonHang] ([IDDonHang], [IDNguoiDung], [NgayDat], [SoTien], [TrangThaiThanhToan], [PhuongThucThanhToan]) VALUES (7, 9, CAST(N'2025-04-04T23:03:57.147' AS DateTime), CAST(95000.00 AS Decimal(10, 2)), N'Completed', N'Bank')
INSERT [dbo].[DonHang] ([IDDonHang], [IDNguoiDung], [NgayDat], [SoTien], [TrangThaiThanhToan], [PhuongThucThanhToan]) VALUES (12, 8, CAST(N'2025-04-05T06:52:55.493' AS DateTime), CAST(140000.00 AS Decimal(10, 2)), N'Completed', N'Bank')
INSERT [dbo].[DonHang] ([IDDonHang], [IDNguoiDung], [NgayDat], [SoTien], [TrangThaiThanhToan], [PhuongThucThanhToan]) VALUES (13, 8, CAST(N'2025-04-05T22:08:01.247' AS DateTime), CAST(65000.00 AS Decimal(10, 2)), N'Completed', N'COD')
INSERT [dbo].[DonHang] ([IDDonHang], [IDNguoiDung], [NgayDat], [SoTien], [TrangThaiThanhToan], [PhuongThucThanhToan]) VALUES (14, 8, CAST(N'2025-04-05T22:33:02.727' AS DateTime), CAST(140000.00 AS Decimal(10, 2)), N'Completed', N'COD')
INSERT [dbo].[DonHang] ([IDDonHang], [IDNguoiDung], [NgayDat], [SoTien], [TrangThaiThanhToan], [PhuongThucThanhToan]) VALUES (15, 8, CAST(N'2025-04-05T22:37:41.427' AS DateTime), CAST(190000.00 AS Decimal(10, 2)), N'Completed', N'COD')
INSERT [dbo].[DonHang] ([IDDonHang], [IDNguoiDung], [NgayDat], [SoTien], [TrangThaiThanhToan], [PhuongThucThanhToan]) VALUES (16, 8, CAST(N'2025-04-05T23:09:23.233' AS DateTime), CAST(265000.00 AS Decimal(10, 2)), N'Completed', N'Bank')
INSERT [dbo].[DonHang] ([IDDonHang], [IDNguoiDung], [NgayDat], [SoTien], [TrangThaiThanhToan], [PhuongThucThanhToan]) VALUES (17, 8, CAST(N'2025-04-05T23:09:42.043' AS DateTime), CAST(45000.00 AS Decimal(10, 2)), N'Completed', N'Bank')
INSERT [dbo].[DonHang] ([IDDonHang], [IDNguoiDung], [NgayDat], [SoTien], [TrangThaiThanhToan], [PhuongThucThanhToan]) VALUES (18, 8, CAST(N'2025-04-05T23:14:50.987' AS DateTime), CAST(75000.00 AS Decimal(10, 2)), N'Completed', N'Bank')
INSERT [dbo].[DonHang] ([IDDonHang], [IDNguoiDung], [NgayDat], [SoTien], [TrangThaiThanhToan], [PhuongThucThanhToan]) VALUES (19, 8, CAST(N'2025-04-05T23:20:51.333' AS DateTime), CAST(95000.00 AS Decimal(10, 2)), N'Completed', N'Card')
INSERT [dbo].[DonHang] ([IDDonHang], [IDNguoiDung], [NgayDat], [SoTien], [TrangThaiThanhToan], [PhuongThucThanhToan]) VALUES (20, 8, CAST(N'2025-04-05T23:21:19.620' AS DateTime), CAST(95000.00 AS Decimal(10, 2)), N'Completed', N'Bank')
INSERT [dbo].[DonHang] ([IDDonHang], [IDNguoiDung], [NgayDat], [SoTien], [TrangThaiThanhToan], [PhuongThucThanhToan]) VALUES (21, 8, CAST(N'2025-04-05T23:24:59.177' AS DateTime), CAST(120000.00 AS Decimal(10, 2)), N'Completed', N'Bank')
INSERT [dbo].[DonHang] ([IDDonHang], [IDNguoiDung], [NgayDat], [SoTien], [TrangThaiThanhToan], [PhuongThucThanhToan]) VALUES (22, 8, CAST(N'2025-04-06T01:10:11.210' AS DateTime), CAST(45000.00 AS Decimal(10, 2)), N'Completed', N'Card')
INSERT [dbo].[DonHang] ([IDDonHang], [IDNguoiDung], [NgayDat], [SoTien], [TrangThaiThanhToan], [PhuongThucThanhToan]) VALUES (23, 10, CAST(N'2025-04-06T01:55:01.007' AS DateTime), CAST(95000.00 AS Decimal(10, 2)), N'Completed', N'Bank')
INSERT [dbo].[DonHang] ([IDDonHang], [IDNguoiDung], [NgayDat], [SoTien], [TrangThaiThanhToan], [PhuongThucThanhToan]) VALUES (24, 10, CAST(N'2025-04-06T04:16:39.203' AS DateTime), CAST(95000.00 AS Decimal(10, 2)), N'Completed', N'Bank')
INSERT [dbo].[DonHang] ([IDDonHang], [IDNguoiDung], [NgayDat], [SoTien], [TrangThaiThanhToan], [PhuongThucThanhToan]) VALUES (25, 10, CAST(N'2025-04-06T04:17:11.497' AS DateTime), CAST(235000.00 AS Decimal(10, 2)), N'Completed', N'Bank')
INSERT [dbo].[DonHang] ([IDDonHang], [IDNguoiDung], [NgayDat], [SoTien], [TrangThaiThanhToan], [PhuongThucThanhToan]) VALUES (26, 7, CAST(N'2025-04-06T04:19:56.807' AS DateTime), CAST(20000.00 AS Decimal(10, 2)), N'Completed', N'Bank')
INSERT [dbo].[DonHang] ([IDDonHang], [IDNguoiDung], [NgayDat], [SoTien], [TrangThaiThanhToan], [PhuongThucThanhToan]) VALUES (27, 8, CAST(N'2025-04-06T04:25:46.257' AS DateTime), CAST(150000.00 AS Decimal(10, 2)), N'Completed', N'Bank')
INSERT [dbo].[DonHang] ([IDDonHang], [IDNguoiDung], [NgayDat], [SoTien], [TrangThaiThanhToan], [PhuongThucThanhToan]) VALUES (28, 8, CAST(N'2025-04-06T05:48:04.340' AS DateTime), CAST(20000.00 AS Decimal(10, 2)), N'Completed', N'Bank')
INSERT [dbo].[DonHang] ([IDDonHang], [IDNguoiDung], [NgayDat], [SoTien], [TrangThaiThanhToan], [PhuongThucThanhToan]) VALUES (29, 8, CAST(N'2025-04-06T06:44:35.507' AS DateTime), CAST(45000.00 AS Decimal(10, 2)), N'Completed', N'Bank')
INSERT [dbo].[DonHang] ([IDDonHang], [IDNguoiDung], [NgayDat], [SoTien], [TrangThaiThanhToan], [PhuongThucThanhToan]) VALUES (30, 8, CAST(N'2025-04-06T06:45:52.660' AS DateTime), CAST(20000.00 AS Decimal(10, 2)), N'Completed', N'Bank')
INSERT [dbo].[DonHang] ([IDDonHang], [IDNguoiDung], [NgayDat], [SoTien], [TrangThaiThanhToan], [PhuongThucThanhToan]) VALUES (31, 8, CAST(N'2025-04-06T06:49:38.873' AS DateTime), CAST(75000.00 AS Decimal(10, 2)), N'Completed', N'Bank')
INSERT [dbo].[DonHang] ([IDDonHang], [IDNguoiDung], [NgayDat], [SoTien], [TrangThaiThanhToan], [PhuongThucThanhToan]) VALUES (32, 10, CAST(N'2025-04-06T14:48:58.827' AS DateTime), CAST(160000.00 AS Decimal(10, 2)), N'Completed', N'Bank')
INSERT [dbo].[DonHang] ([IDDonHang], [IDNguoiDung], [NgayDat], [SoTien], [TrangThaiThanhToan], [PhuongThucThanhToan]) VALUES (33, 8, CAST(N'2025-04-07T01:20:47.170' AS DateTime), CAST(20000.00 AS Decimal(10, 2)), N'Completed', N'Bank')
INSERT [dbo].[DonHang] ([IDDonHang], [IDNguoiDung], [NgayDat], [SoTien], [TrangThaiThanhToan], [PhuongThucThanhToan]) VALUES (34, 10, CAST(N'2025-04-07T02:41:42.733' AS DateTime), CAST(200000.00 AS Decimal(10, 2)), N'Completed', N'Bank')
INSERT [dbo].[DonHang] ([IDDonHang], [IDNguoiDung], [NgayDat], [SoTien], [TrangThaiThanhToan], [PhuongThucThanhToan]) VALUES (35, 8, CAST(N'2025-04-07T06:44:24.023' AS DateTime), CAST(59000.00 AS Decimal(10, 2)), N'Completed', N'Bank')
INSERT [dbo].[DonHang] ([IDDonHang], [IDNguoiDung], [NgayDat], [SoTien], [TrangThaiThanhToan], [PhuongThucThanhToan]) VALUES (36, 8, CAST(N'2025-04-07T07:49:32.930' AS DateTime), CAST(120000.00 AS Decimal(10, 2)), N'Completed', N'Bank')
INSERT [dbo].[DonHang] ([IDDonHang], [IDNguoiDung], [NgayDat], [SoTien], [TrangThaiThanhToan], [PhuongThucThanhToan]) VALUES (37, 10, CAST(N'2025-04-07T13:55:24.230' AS DateTime), CAST(59000.00 AS Decimal(10, 2)), N'Completed', N'Bank')
INSERT [dbo].[DonHang] ([IDDonHang], [IDNguoiDung], [NgayDat], [SoTien], [TrangThaiThanhToan], [PhuongThucThanhToan]) VALUES (38, 10, CAST(N'2025-04-07T14:06:28.397' AS DateTime), CAST(120000.00 AS Decimal(10, 2)), N'Failed', N'Bank')
INSERT [dbo].[DonHang] ([IDDonHang], [IDNguoiDung], [NgayDat], [SoTien], [TrangThaiThanhToan], [PhuongThucThanhToan]) VALUES (39, 10, CAST(N'2025-04-07T14:11:02.673' AS DateTime), CAST(75000.00 AS Decimal(10, 2)), N'Completed', N'Bank')
INSERT [dbo].[DonHang] ([IDDonHang], [IDNguoiDung], [NgayDat], [SoTien], [TrangThaiThanhToan], [PhuongThucThanhToan]) VALUES (40, 11, CAST(N'2025-04-07T14:40:17.457' AS DateTime), CAST(59000.00 AS Decimal(10, 2)), N'Completed', N'Bank')
INSERT [dbo].[DonHang] ([IDDonHang], [IDNguoiDung], [NgayDat], [SoTien], [TrangThaiThanhToan], [PhuongThucThanhToan]) VALUES (41, 11, CAST(N'2025-04-07T15:05:38.670' AS DateTime), CAST(20000.00 AS Decimal(10, 2)), N'Completed', N'Bank')
INSERT [dbo].[DonHang] ([IDDonHang], [IDNguoiDung], [NgayDat], [SoTien], [TrangThaiThanhToan], [PhuongThucThanhToan]) VALUES (42, 11, CAST(N'2025-04-07T15:31:44.733' AS DateTime), CAST(20000.00 AS Decimal(10, 2)), N'Completed', N'Bank')
INSERT [dbo].[DonHang] ([IDDonHang], [IDNguoiDung], [NgayDat], [SoTien], [TrangThaiThanhToan], [PhuongThucThanhToan]) VALUES (43, 13, CAST(N'2025-04-07T20:03:33.413' AS DateTime), CAST(59000.00 AS Decimal(10, 2)), N'Completed', N'Bank')
INSERT [dbo].[DonHang] ([IDDonHang], [IDNguoiDung], [NgayDat], [SoTien], [TrangThaiThanhToan], [PhuongThucThanhToan]) VALUES (44, 13, CAST(N'2025-04-07T20:17:52.980' AS DateTime), CAST(45000.00 AS Decimal(10, 2)), N'Completed', N'Bank')
INSERT [dbo].[DonHang] ([IDDonHang], [IDNguoiDung], [NgayDat], [SoTien], [TrangThaiThanhToan], [PhuongThucThanhToan]) VALUES (45, 11, CAST(N'2025-04-08T02:05:15.363' AS DateTime), CAST(120000.00 AS Decimal(10, 2)), N'Completed', N'Bank')
INSERT [dbo].[DonHang] ([IDDonHang], [IDNguoiDung], [NgayDat], [SoTien], [TrangThaiThanhToan], [PhuongThucThanhToan]) VALUES (46, 11, CAST(N'2025-04-08T02:24:21.797' AS DateTime), CAST(75000.00 AS Decimal(10, 2)), N'Completed', N'Bank')
INSERT [dbo].[DonHang] ([IDDonHang], [IDNguoiDung], [NgayDat], [SoTien], [TrangThaiThanhToan], [PhuongThucThanhToan]) VALUES (47, 15, CAST(N'2025-04-08T15:56:12.700' AS DateTime), CAST(59000.00 AS Decimal(10, 2)), N'Completed', N'Bank')
INSERT [dbo].[DonHang] ([IDDonHang], [IDNguoiDung], [NgayDat], [SoTien], [TrangThaiThanhToan], [PhuongThucThanhToan]) VALUES (48, 8, CAST(N'2025-04-10T01:34:01.147' AS DateTime), CAST(2000.00 AS Decimal(10, 2)), N'Completed', N'Bank')
INSERT [dbo].[DonHang] ([IDDonHang], [IDNguoiDung], [NgayDat], [SoTien], [TrangThaiThanhToan], [PhuongThucThanhToan]) VALUES (49, 8, CAST(N'2025-04-10T08:56:12.910' AS DateTime), CAST(115000.00 AS Decimal(10, 2)), N'Completed', N'Wallet')
    SET IDENTITY_INSERT [dbo].[DonHang] OFF;
END
ELSE
BEGIN
    PRINT N'Bảng DonHang đã có dữ liệu, bỏ qua chèn.';
END
GO

PRINT N'Chèn dữ liệu ChiTietDonHang...';
IF NOT EXISTS (SELECT 1 FROM dbo.ChiTietDonHang)
BEGIN
    SET IDENTITY_INSERT [dbo].[ChiTietDonHang] ON;
INSERT INTO [dbo].[ChiTietDonHang] ([IDChiTiet], [IDDonHang], [IDSach], [SoLuong], [Gia]) VALUES (1, 4, 10, 1, CAST(95000.00 AS Decimal(10, 2)));
INSERT INTO [dbo].[ChiTietDonHang] ([IDChiTiet], [IDDonHang], [IDSach], [SoLuong], [Gia]) VALUES (2, 5, 10, 1, CAST(95000.00 AS Decimal(10, 2)));
INSERT INTO [dbo].[ChiTietDonHang] ([IDChiTiet], [IDDonHang], [IDSach], [SoLuong], [Gia]) VALUES (3, 7, 10, 1, CAST(95000.00 AS Decimal(10, 2)));
INSERT INTO [dbo].[ChiTietDonHang] ([IDChiTiet], [IDDonHang], [IDSach], [SoLuong], [Gia]) VALUES (4, 14, 10, 1, CAST(95000.00 AS Decimal(10, 2)));
INSERT INTO [dbo].[ChiTietDonHang] ([IDChiTiet], [IDDonHang], [IDSach], [SoLuong], [Gia]) VALUES (5, 15, 10, 1, CAST(95000.00 AS Decimal(10, 2)));
INSERT INTO [dbo].[ChiTietDonHang] ([IDChiTiet], [IDDonHang], [IDSach], [SoLuong], [Gia]) VALUES (6, 16, 10, 1, CAST(95000.00 AS Decimal(10, 2)));
INSERT INTO [dbo].[ChiTietDonHang] ([IDChiTiet], [IDDonHang], [IDSach], [SoLuong], [Gia]) VALUES (7, 19, 10, 1, CAST(95000.00 AS Decimal(10, 2)));
INSERT INTO [dbo].[ChiTietDonHang] ([IDChiTiet], [IDDonHang], [IDSach], [SoLuong], [Gia]) VALUES (8, 20, 10, 1, CAST(95000.00 AS Decimal(10, 2)));
INSERT INTO [dbo].[ChiTietDonHang] ([IDChiTiet], [IDDonHang], [IDSach], [SoLuong], [Gia]) VALUES (9, 23, 10, 1, CAST(95000.00 AS Decimal(10, 2)));
INSERT INTO [dbo].[ChiTietDonHang] ([IDChiTiet], [IDDonHang], [IDSach], [SoLuong], [Gia]) VALUES (10, 12, 11, 1, CAST(75000.00 AS Decimal(10, 2)));
INSERT INTO [dbo].[ChiTietDonHang] ([IDChiTiet], [IDDonHang], [IDSach], [SoLuong], [Gia]) VALUES (11, 15, 11, 1, CAST(75000.00 AS Decimal(10, 2)));
INSERT INTO [dbo].[ChiTietDonHang] ([IDChiTiet], [IDDonHang], [IDSach], [SoLuong], [Gia]) VALUES (12, 16, 11, 2, CAST(75000.00 AS Decimal(10, 2)));
INSERT INTO [dbo].[ChiTietDonHang] ([IDChiTiet], [IDDonHang], [IDSach], [SoLuong], [Gia]) VALUES (13, 18, 11, 1, CAST(75000.00 AS Decimal(10, 2)));
INSERT INTO [dbo].[ChiTietDonHang] ([IDChiTiet], [IDDonHang], [IDSach], [SoLuong], [Gia]) VALUES (14, 21, 11, 1, CAST(75000.00 AS Decimal(10, 2)));
INSERT INTO [dbo].[ChiTietDonHang] ([IDChiTiet], [IDDonHang], [IDSach], [SoLuong], [Gia]) VALUES (15, 3, 12, 1, CAST(45000.00 AS Decimal(10, 2)));
INSERT INTO [dbo].[ChiTietDonHang] ([IDChiTiet], [IDDonHang], [IDSach], [SoLuong], [Gia]) VALUES (16, 12, 12, 1, CAST(45000.00 AS Decimal(10, 2)));
INSERT INTO [dbo].[ChiTietDonHang] ([IDChiTiet], [IDDonHang], [IDSach], [SoLuong], [Gia]) VALUES (17, 13, 12, 1, CAST(45000.00 AS Decimal(10, 2)));
INSERT INTO [dbo].[ChiTietDonHang] ([IDChiTiet], [IDDonHang], [IDSach], [SoLuong], [Gia]) VALUES (18, 14, 12, 1, CAST(45000.00 AS Decimal(10, 2)));
INSERT INTO [dbo].[ChiTietDonHang] ([IDChiTiet], [IDDonHang], [IDSach], [SoLuong], [Gia]) VALUES (19, 17, 12, 1, CAST(45000.00 AS Decimal(10, 2)));
INSERT INTO [dbo].[ChiTietDonHang] ([IDChiTiet], [IDDonHang], [IDSach], [SoLuong], [Gia]) VALUES (20, 21, 12, 1, CAST(45000.00 AS Decimal(10, 2)));
INSERT INTO [dbo].[ChiTietDonHang] ([IDChiTiet], [IDDonHang], [IDSach], [SoLuong], [Gia]) VALUES (21, 22, 12, 1, CAST(45000.00 AS Decimal(10, 2)));
INSERT INTO [dbo].[ChiTietDonHang] ([IDChiTiet], [IDDonHang], [IDSach], [SoLuong], [Gia]) VALUES (22, 2, 13, 1, CAST(20000.00 AS Decimal(10, 2)));
INSERT INTO [dbo].[ChiTietDonHang] ([IDChiTiet], [IDDonHang], [IDSach], [SoLuong], [Gia]) VALUES (23, 6, 13, 1, CAST(20000.00 AS Decimal(10, 2)));
INSERT INTO [dbo].[ChiTietDonHang] ([IDChiTiet], [IDDonHang], [IDSach], [SoLuong], [Gia]) VALUES (24, 12, 13, 1, CAST(20000.00 AS Decimal(10, 2)));
INSERT INTO [dbo].[ChiTietDonHang] ([IDChiTiet], [IDDonHang], [IDSach], [SoLuong], [Gia]) VALUES (25, 13, 13, 1, CAST(20000.00 AS Decimal(10, 2)));
INSERT INTO [dbo].[ChiTietDonHang] ([IDChiTiet], [IDDonHang], [IDSach], [SoLuong], [Gia]) VALUES (26, 15, 13, 1, CAST(20000.00 AS Decimal(10, 2)));
INSERT INTO [dbo].[ChiTietDonHang] ([IDChiTiet], [IDDonHang], [IDSach], [SoLuong], [Gia]) VALUES (27, 16, 13, 1, CAST(20000.00 AS Decimal(10, 2)));
INSERT INTO [dbo].[ChiTietDonHang] ([IDChiTiet], [IDDonHang], [IDSach], [SoLuong], [Gia]) VALUES (28, 24, 10, 1, CAST(95000.00 AS Decimal(10, 2)));
INSERT INTO [dbo].[ChiTietDonHang] ([IDChiTiet], [IDDonHang], [IDSach], [SoLuong], [Gia]) VALUES (29, 25, 13, 1, CAST(20000.00 AS Decimal(10, 2)));
INSERT INTO [dbo].[ChiTietDonHang] ([IDChiTiet], [IDDonHang], [IDSach], [SoLuong], [Gia]) VALUES (30, 25, 11, 1, CAST(75000.00 AS Decimal(10, 2)));
INSERT INTO [dbo].[ChiTietDonHang] ([IDChiTiet], [IDDonHang], [IDSach], [SoLuong], [Gia]) VALUES (31, 25, 12, 1, CAST(45000.00 AS Decimal(10, 2)));
INSERT INTO [dbo].[ChiTietDonHang] ([IDChiTiet], [IDDonHang], [IDSach], [SoLuong], [Gia]) VALUES (32, 25, 10, 1, CAST(95000.00 AS Decimal(10, 2)));
INSERT INTO [dbo].[ChiTietDonHang] ([IDChiTiet], [IDDonHang], [IDSach], [SoLuong], [Gia]) VALUES (33, 26, 13, 1, CAST(20000.00 AS Decimal(10, 2)));
INSERT INTO [dbo].[ChiTietDonHang] ([IDChiTiet], [IDDonHang], [IDSach], [SoLuong], [Gia]) VALUES (34, 27, 11, 2, CAST(75000.00 AS Decimal(10, 2)));
INSERT INTO [dbo].[ChiTietDonHang] ([IDChiTiet], [IDDonHang], [IDSach], [SoLuong], [Gia]) VALUES (35, 28, 13, 1, CAST(20000.00 AS Decimal(10, 2)));
INSERT INTO [dbo].[ChiTietDonHang] ([IDChiTiet], [IDDonHang], [IDSach], [SoLuong], [Gia]) VALUES (36, 29, 12, 1, CAST(45000.00 AS Decimal(10, 2)));
INSERT INTO [dbo].[ChiTietDonHang] ([IDChiTiet], [IDDonHang], [IDSach], [SoLuong], [Gia]) VALUES (37, 30, 13, 1, CAST(20000.00 AS Decimal(10, 2)));
INSERT INTO [dbo].[ChiTietDonHang] ([IDChiTiet], [IDDonHang], [IDSach], [SoLuong], [Gia]) VALUES (38, 31, 11, 1, CAST(75000.00 AS Decimal(10, 2)));
INSERT INTO [dbo].[ChiTietDonHang] ([IDChiTiet], [IDDonHang], [IDSach], [SoLuong], [Gia]) VALUES (39, 32, 13, 1, CAST(20000.00 AS Decimal(10, 2)));
INSERT INTO [dbo].[ChiTietDonHang] ([IDChiTiet], [IDDonHang], [IDSach], [SoLuong], [Gia]) VALUES (40, 32, 12, 1, CAST(45000.00 AS Decimal(10, 2)));
INSERT INTO [dbo].[ChiTietDonHang] ([IDChiTiet], [IDDonHang], [IDSach], [SoLuong], [Gia]) VALUES (41, 32, 10, 1, CAST(95000.00 AS Decimal(10, 2)));
INSERT INTO [dbo].[ChiTietDonHang] ([IDChiTiet], [IDDonHang], [IDSach], [SoLuong], [Gia]) VALUES (42, 33, 13, 1, CAST(20000.00 AS Decimal(10, 2)));
INSERT INTO [dbo].[ChiTietDonHang] ([IDChiTiet], [IDDonHang], [IDSach], [SoLuong], [Gia]) VALUES (43, 34, 22, 1, CAST(200000.00 AS Decimal(10, 2))
    SET IDENTITY_INSERT [dbo].[ChiTietDonHang] OFF;
END
ELSE
BEGIN
    PRINT N'Bảng ChiTietDonHang đã có dữ liệu, bỏ qua chèn.';
END
GO

PRINT N'Chèn dữ liệu DanhGiaSach...';
IF NOT EXISTS (SELECT 1 FROM dbo.DanhGiaSach)
BEGIN
    SET IDENTITY_INSERT [dbo].[DanhGiaSach] ON;
INSERT INTO [dbo].[DanhGiaSach] ([IDDanhGia], [IDNguoiDung], [IDSach], [Diem], [NhanXet], [NgayDanhGia]) VALUES (1, 8, 13, 5, N'hay', N'2025-04-06 01:17:02');
INSERT INTO [dbo].[DanhGiaSach] ([IDDanhGia], [IDNguoiDung], [IDSach], [Diem], [NhanXet], [NgayDanhGia]) VALUES (2, 8, 13, 1, N'hay ok', N'2025-04-06 01:17:29');
INSERT INTO [dbo].[DanhGiaSach] ([IDDanhGia], [IDNguoiDung], [IDSach], [Diem], [NhanXet], [NgayDanhGia]) VALUES (3, 8, 12, 2, N'hmm ok', N'2025-04-06 01:31:34');
INSERT INTO [dbo].[DanhGiaSach] ([IDDanhGia], [IDNguoiDung], [IDSach], [Diem], [NhanXet], [NgayDanhGia]) VALUES (4, 8, 10, 1, N'ổn', N'2025-04-06 01:31:53');
INSERT INTO [dbo].[DanhGiaSach] ([IDDanhGia], [IDNguoiDung], [IDSach], [Diem], [NhanXet], [NgayDanhGia]) VALUES (5, 10, 10, 1, N'oke phết', N'2025-04-06 03:36:53');
INSERT INTO [dbo].[DanhGiaSach] ([IDDanhGia], [IDNguoiDung], [IDSach], [Diem], [NhanXet], [NgayDanhGia]) VALUES (6, 8, 11, 1, N'oke', N'2025-04-06 07:15:43');
    SET IDENTITY_INSERT [dbo].[DanhGiaSach] OFF;
END
ELSE
BEGIN
    PRINT N'Bảng DanhGiaSach đã có dữ liệu, bỏ qua chèn.';
END
GO

PRINT N'Chèn dữ liệu GioHang...';
IF NOT EXISTS (SELECT 1 FROM dbo.GioHang)
BEGIN
    SET IDENTITY_INSERT [dbo].[GioHang] ON;
INSERT INTO [dbo].[GioHang] ([IDGioHang], [IDSach], [IDNguoiDung], [SoLuong]) VALUES (54, 12, 8, 1);
INSERT INTO [dbo].[GioHang] ([IDGioHang], [IDSach], [IDNguoiDung], [SoLuong]) VALUES (55, 10, 8, 2);
INSERT INTO [dbo].[GioHang] ([IDGioHang], [IDSach], [IDNguoiDung], [SoLuong]) VALUES (56, 11, 8, 1);
    SET IDENTITY_INSERT [dbo].[GioHang] OFF;
END
ELSE
BEGIN
    PRINT N'Bảng GioHang đã có dữ liệu, bỏ qua chèn.';
END
GO

PRINT N'Chèn dữ liệu NoiDungSach...';
IF NOT EXISTS (SELECT 1 FROM dbo.NoiDungSach)
BEGIN
    SET IDENTITY_INSERT [dbo].[NoiDungSach] ON;
INSERT [dbo].[NoiDungSach] ([IDNoiDung], [IDSach], [SoChuong], [TenChuong], [LoaiNoiDung], [DuongDan], [NoiDungText], [NgayTao]) VALUES (81, 37, 1, N'Tại sao lại là gái ?????', N'Image', N'/BookContent/Sach_37/Chuong_1/page_001.jpg,/BookContent/Sach_37/Chuong_1/page_002.jpg,/BookContent/Sach_37/Chuong_1/page_003.jpg,/BookContent/Sach_37/Chuong_1/page_004.jpg,/BookContent/Sach_37/Chuong_1/page_005.jpg,/BookContent/Sach_37/Chuong_1/page_006.jpg,/BookContent/Sach_37/Chuong_1/page_007.jpg,/BookContent/Sach_37/Chuong_1/page_008.jpg,/BookContent/Sach_37/Chuong_1/page_009.jpg,/BookContent/Sach_37/Chuong_1/page_010.jpg,/BookContent/Sach_37/Chuong_1/page_011.jpg,/BookContent/Sach_37/Chuong_1/page_012.jpg,/BookContent/Sach_37/Chuong_1/page_013.jpg,/BookContent/Sach_37/Chuong_1/page_014.jpg,/BookContent/Sach_37/Chuong_1/page_015.jpg,/BookContent/Sach_37/Chuong_1/page_016.jpg,/BookContent/Sach_37/Chuong_1/page_017.jpg,/BookContent/Sach_37/Chuong_1/page_018.jpg,/BookContent/Sach_37/Chuong_1/page_019.jpg,/BookContent/Sach_37/Chuong_1/page_020.jpg,/BookContent/Sach_37/Chuong_1/page_021.jpg,/BookContent/Sach_37/Chuong_1/page_022.jpg,/BookContent/Sach_37/Chuong_1/page_023.jpg,/BookContent/Sach_37/Chuong_1/page_024.jpg,/BookContent/Sach_37/Chuong_1/page_025.jpg,/BookContent/Sach_37/Chuong_1/page_026.jpg,/BookContent/Sach_37/Chuong_1/page_027.jpg,/BookContent/Sach_37/Chuong_1/page_028.jpg,/BookContent/Sach_37/Chuong_1/page_029.jpg,/BookContent/Sach_37/Chuong_1/page_030.jpg,/BookContent/Sach_37/Chuong_1/page_031.jpg,/BookContent/Sach_37/Chuong_1/page_032.jpg,/BookContent/Sach_37/Chuong_1/page_033.jpg,/BookContent/Sach_37/Chuong_1/page_034.jpg,/BookContent/Sach_37/Chuong_1/page_035.jpg,/BookContent/Sach_37/Chuong_1/page_036.jpg,/BookContent/Sach_37/Chuong_1/page_037.jpg', NULL, CAST(N'2025-04-10T07:09:43.397' AS DateTime))
INSERT [dbo].[NoiDungSach] ([IDNoiDung], [IDSach], [SoChuong], [TenChuong], [LoaiNoiDung], [DuongDan], [NoiDungText], [NgayTao]) VALUES (82, 37, 2, N'Làm video giới thiệu thôi!', N'Image', N'/BookContent/Sach_37/Chuong_2/page_001.jpg,/BookContent/Sach_37/Chuong_2/page_002.jpg,/BookContent/Sach_37/Chuong_2/page_003.jpg,/BookContent/Sach_37/Chuong_2/page_004.jpg,/BookContent/Sach_37/Chuong_2/page_005.jpg,/BookContent/Sach_37/Chuong_2/page_006.jpg,/BookContent/Sach_37/Chuong_2/page_007.jpg,/BookContent/Sach_37/Chuong_2/page_008.jpg,/BookContent/Sach_37/Chuong_2/page_009.jpg,/BookContent/Sach_37/Chuong_2/page_010.jpg,/BookContent/Sach_37/Chuong_2/page_011.jpg,/BookContent/Sach_37/Chuong_2/page_012.jpg,/BookContent/Sach_37/Chuong_2/page_013.jpg,/BookContent/Sach_37/Chuong_2/page_014.jpg,/BookContent/Sach_37/Chuong_2/page_015.jpg,/BookContent/Sach_37/Chuong_2/page_016.jpg,/BookContent/Sach_37/Chuong_2/page_017.jpg,/BookContent/Sach_37/Chuong_2/page_018.jpg,/BookContent/Sach_37/Chuong_2/page_019.jpg,/BookContent/Sach_37/Chuong_2/page_020.jpg,/BookContent/Sach_37/Chuong_2/page_021.jpg,/BookContent/Sach_37/Chuong_2/page_022.jpg,/BookContent/Sach_37/Chuong_2/page_023.jpg', NULL, CAST(N'2025-04-10T06:06:55.200' AS DateTime))
INSERT [dbo].[NoiDungSach] ([IDNoiDung], [IDSach], [SoChuong], [TenChuong], [LoaiNoiDung], [DuongDan], [NoiDungText], [NgayTao]) VALUES (83, 37, 3, N'Tạo kênh nào!', N'Image', N'/BookContent/Sach_37/Chuong_3/page_001.jpg,/BookContent/Sach_37/Chuong_3/page_002.jpg,/BookContent/Sach_37/Chuong_3/page_003.jpg,/BookContent/Sach_37/Chuong_3/page_004.jpg,/BookContent/Sach_37/Chuong_3/page_005.jpg,/BookContent/Sach_37/Chuong_3/page_006.jpg,/BookContent/Sach_37/Chuong_3/page_007.jpg,/BookContent/Sach_37/Chuong_3/page_008.jpg,/BookContent/Sach_37/Chuong_3/page_009.jpg,/BookContent/Sach_37/Chuong_3/page_010.jpg,/BookContent/Sach_37/Chuong_3/page_011.jpg,/BookContent/Sach_37/Chuong_3/page_012.jpg,/BookContent/Sach_37/Chuong_3/page_013.jpg,/BookContent/Sach_37/Chuong_3/page_014.jpg,/BookContent/Sach_37/Chuong_3/page_015.jpg,/BookContent/Sach_37/Chuong_3/page_016.jpg,/BookContent/Sach_37/Chuong_3/page_017.jpg,/BookContent/Sach_37/Chuong_3/page_018.jpg,/BookContent/Sach_37/Chuong_3/page_019.jpg,/BookContent/Sach_37/Chuong_3/page_020.jpg,/BookContent/Sach_37/Chuong_3/page_021.jpg,/BookContent/Sach_37/Chuong_3/page_022.jpg,/BookContent/Sach_37/Chuong_3/page_023.jpg,/BookContent/Sach_37/Chuong_3/page_024.jpg', NULL, CAST(N'2025-04-10T06:07:12.947' AS DateTime))
INSERT [dbo].[NoiDungSach] ([IDNoiDung], [IDSach], [SoChuong], [TenChuong], [LoaiNoiDung], [DuongDan], [NoiDungText], [NgayTao]) VALUES (84, 37, 4, N'Quay video nấu ăn thôi!', N'Image', N'/BookContent/Sach_37/Chuong_4/page_001.jpg,/BookContent/Sach_37/Chuong_4/page_002.jpg,/BookContent/Sach_37/Chuong_4/page_003.jpg,/BookContent/Sach_37/Chuong_4/page_004.jpg,/BookContent/Sach_37/Chuong_4/page_005.jpg,/BookContent/Sach_37/Chuong_4/page_006.jpg,/BookContent/Sach_37/Chuong_4/page_007.jpg,/BookContent/Sach_37/Chuong_4/page_008.jpg,/BookContent/Sach_37/Chuong_4/page_009.jpg,/BookContent/Sach_37/Chuong_4/page_010.jpg,/BookContent/Sach_37/Chuong_4/page_011.jpg,/BookContent/Sach_37/Chuong_4/page_012.jpg,/BookContent/Sach_37/Chuong_4/page_013.jpg,/BookContent/Sach_37/Chuong_4/page_014.jpg,/BookContent/Sach_37/Chuong_4/page_015.jpg,/BookContent/Sach_37/Chuong_4/page_016.jpg,/BookContent/Sach_37/Chuong_4/page_017.jpg,/BookContent/Sach_37/Chuong_4/page_018.jpg,/BookContent/Sach_37/Chuong_4/page_019.jpg,/BookContent/Sach_37/Chuong_4/page_020.jpg,/BookContent/Sach_37/Chuong_4/page_021.jpg,/BookContent/Sach_37/Chuong_4/page_022.jpg,/BookContent/Sach_37/Chuong_4/page_023.jpg,/BookContent/Sach_37/Chuong_4/page_024.jpg,/BookContent/Sach_37/Chuong_4/page_025.jpg,/BookContent/Sach_37/Chuong_4/page_026.jpg,/BookContent/Sach_37/Chuong_4/page_027.jpg,/BookContent/Sach_37/Chuong_4/page_028.jpg,/BookContent/Sach_37/Chuong_4/page_029.jpg', NULL, CAST(N'2025-04-10T06:07:36.907' AS DateTime))
INSERT [dbo].[NoiDungSach] ([IDNoiDung], [IDSach], [SoChuong], [TenChuong], [LoaiNoiDung], [DuongDan], [NoiDungText], [NgayTao]) VALUES (85, 37, 5, N'v01 c005_ Buổi live đầu tiên', N'Image', N'/BookContent/Sach_37/Chuong_5/page_001.jpg,/BookContent/Sach_37/Chuong_5/page_002.jpg,/BookContent/Sach_37/Chuong_5/page_003.jpg,/BookContent/Sach_37/Chuong_5/page_004.jpg,/BookContent/Sach_37/Chuong_5/page_005.jpg,/BookContent/Sach_37/Chuong_5/page_006.jpg,/BookContent/Sach_37/Chuong_5/page_007.jpg,/BookContent/Sach_37/Chuong_5/page_008.jpg,/BookContent/Sach_37/Chuong_5/page_009.jpg,/BookContent/Sach_37/Chuong_5/page_010.jpg,/BookContent/Sach_37/Chuong_5/page_011.jpg,/BookContent/Sach_37/Chuong_5/page_012.jpg,/BookContent/Sach_37/Chuong_5/page_013.jpg,/BookContent/Sach_37/Chuong_5/page_014.jpg,/BookContent/Sach_37/Chuong_5/page_015.jpg,/BookContent/Sach_37/Chuong_5/page_016.jpg,/BookContent/Sach_37/Chuong_5/page_017.jpg,/BookContent/Sach_37/Chuong_5/page_018.jpg,/BookContent/Sach_37/Chuong_5/page_019.jpg,/BookContent/Sach_37/Chuong_5/page_020.jpg,/BookContent/Sach_37/Chuong_5/page_021.jpg,/BookContent/Sach_37/Chuong_5/page_022.jpg,/BookContent/Sach_37/Chuong_5/page_023.jpg,/BookContent/Sach_37/Chuong_5/page_024.jpg,/BookContent/Sach_37/Chuong_5/page_025.jpg,/BookContent/Sach_37/Chuong_5/page_026.jpg,/BookContent/Sach_37/Chuong_5/page_027.jpg,/BookContent/Sach_37/Chuong_5/page_028.jpg,/BookContent/Sach_37/Chuong_5/page_029.jpg,/BookContent/Sach_37/Chuong_5/page_030.jpg', NULL, CAST(N'2025-04-10T06:08:00.830' AS DateTime))
INSERT [dbo].[NoiDungSach] ([IDNoiDung], [IDSach], [SoChuong], [TenChuong], [LoaiNoiDung], [DuongDan], [NoiDungText], [NgayTao]) VALUES (86, 37, 6, N'v01 c006_ Mua game thôi!', N'Image', N'/BookContent/Sach_37/Chuong_6/page_001.jpg,/BookContent/Sach_37/Chuong_6/page_002.jpg,/BookContent/Sach_37/Chuong_6/page_003.jpg,/BookContent/Sach_37/Chuong_6/page_004.jpg,/BookContent/Sach_37/Chuong_6/page_005.jpg,/BookContent/Sach_37/Chuong_6/page_006.jpg,/BookContent/Sach_37/Chuong_6/page_007.jpg,/BookContent/Sach_37/Chuong_6/page_008.jpg,/BookContent/Sach_37/Chuong_6/page_009.jpg,/BookContent/Sach_37/Chuong_6/page_010.jpg,/BookContent/Sach_37/Chuong_6/page_011.jpg,/BookContent/Sach_37/Chuong_6/page_012.jpg,/BookContent/Sach_37/Chuong_6/page_013.jpg,/BookContent/Sach_37/Chuong_6/page_014.jpg,/BookContent/Sach_37/Chuong_6/page_015.jpg,/BookContent/Sach_37/Chuong_6/page_016.jpg,/BookContent/Sach_37/Chuong_6/page_017.jpg,/BookContent/Sach_37/Chuong_6/page_018.jpg,/BookContent/Sach_37/Chuong_6/page_019.jpg,/BookContent/Sach_37/Chuong_6/page_020.jpg,/BookContent/Sach_37/Chuong_6/page_021.jpg,/BookContent/Sach_37/Chuong_6/page_022.jpg,/BookContent/Sach_37/Chuong_6/page_023.jpg,/BookContent/Sach_37/Chuong_6/page_024.jpg,/BookContent/Sach_37/Chuong_6/page_025.jpg,/BookContent/Sach_37/Chuong_6/page_026.jpg,/BookContent/Sach_37/Chuong_6/page_027.jpg,/BookContent/Sach_37/Chuong_6/page_028.jpg', NULL, CAST(N'2025-04-10T06:08:16.760' AS DateTime))
INSERT [dbo].[NoiDungSach] ([IDNoiDung], [IDSach], [SoChuong], [TenChuong], [LoaiNoiDung], [DuongDan], [NoiDungText], [NgayTao]) VALUES (87, 37, 7, N'v02 c007_ Trùng hợp của trùng hợp', N'Image', N'/BookContent/Sach_37/Chuong_7/page_001.jpg,/BookContent/Sach_37/Chuong_7/page_002.jpg,/BookContent/Sach_37/Chuong_7/page_003.jpg,/BookContent/Sach_37/Chuong_7/page_004.jpg,/BookContent/Sach_37/Chuong_7/page_005.jpg,/BookContent/Sach_37/Chuong_7/page_006.jpg,/BookContent/Sach_37/Chuong_7/page_007.jpg,/BookContent/Sach_37/Chuong_7/page_008.jpg,/BookContent/Sach_37/Chuong_7/page_009.jpg,/BookContent/Sach_37/Chuong_7/page_010.jpg,/BookContent/Sach_37/Chuong_7/page_011.jpg,/BookContent/Sach_37/Chuong_7/page_012.jpg,/BookContent/Sach_37/Chuong_7/page_013.jpg,/BookContent/Sach_37/Chuong_7/page_014.jpg,/BookContent/Sach_37/Chuong_7/page_015.jpg,/BookContent/Sach_37/Chuong_7/page_016.jpg,/BookContent/Sach_37/Chuong_7/page_017.jpg,/BookContent/Sach_37/Chuong_7/page_018.jpg,/BookContent/Sach_37/Chuong_7/page_019.jpg,/BookContent/Sach_37/Chuong_7/page_020.jpg,/BookContent/Sach_37/Chuong_7/page_021.jpg,/BookContent/Sach_37/Chuong_7/page_022.jpg,/BookContent/Sach_37/Chuong_7/page_023.jpg,/BookContent/Sach_37/Chuong_7/page_024.jpg,/BookContent/Sach_37/Chuong_7/page_025.jpg,/BookContent/Sach_37/Chuong_7/page_026.jpg,/BookContent/Sach_37/Chuong_7/page_027.jpg,/BookContent/Sach_37/Chuong_7/page_028.jpg,/BookContent/Sach_37/Chuong_7/page_029.jpg', NULL, CAST(N'2025-04-10T06:08:36.047' AS DateTime))
INSERT [dbo].[NoiDungSach] ([IDNoiDung], [IDSach], [SoChuong], [TenChuong], [LoaiNoiDung], [DuongDan], [NoiDungText], [NgayTao]) VALUES (88, 37, 8, N'v02 c008_ Livestream mừng 2000 lượt đăng ký', N'Image', N'/BookContent/Sach_37/Chuong_8/page_001.jpg,/BookContent/Sach_37/Chuong_8/page_002.jpg,/BookContent/Sach_37/Chuong_8/page_003.jpg,/BookContent/Sach_37/Chuong_8/page_004.jpg,/BookContent/Sach_37/Chuong_8/page_005.jpg,/BookContent/Sach_37/Chuong_8/page_006.jpg,/BookContent/Sach_37/Chuong_8/page_007.jpg,/BookContent/Sach_37/Chuong_8/page_008.jpg,/BookContent/Sach_37/Chuong_8/page_009.jpg,/BookContent/Sach_37/Chuong_8/page_010.jpg,/BookContent/Sach_37/Chuong_8/page_011.jpg,/BookContent/Sach_37/Chuong_8/page_012.jpg,/BookContent/Sach_37/Chuong_8/page_013.jpg,/BookContent/Sach_37/Chuong_8/page_014.jpg,/BookContent/Sach_37/Chuong_8/page_015.jpg,/BookContent/Sach_37/Chuong_8/page_016.jpg,/BookContent/Sach_37/Chuong_8/page_017.jpg,/BookContent/Sach_37/Chuong_8/page_018.jpg,/BookContent/Sach_37/Chuong_8/page_019.jpg,/BookContent/Sach_37/Chuong_8/page_020.jpg,/BookContent/Sach_37/Chuong_8/page_021.jpg,/BookContent/Sach_37/Chuong_8/page_022.jpg,/BookContent/Sach_37/Chuong_8/page_023.jpg,/BookContent/Sach_37/Chuong_8/page_024.jpg,/BookContent/Sach_37/Chuong_8/page_025.jpg,/BookContent/Sach_37/Chuong_8/page_026.jpg,/BookContent/Sach_37/Chuong_8/page_027.jpg,/BookContent/Sach_37/Chuong_8/page_028.jpg', NULL, CAST(N'2025-04-10T08:13:03.770' AS DateTime))
INSERT [dbo].[NoiDungSach] ([IDNoiDung], [IDSach], [SoChuong], [TenChuong], [LoaiNoiDung], [DuongDan], [NoiDungText], [NgayTao]) VALUES (89, 37, 9, N'v02 c009_ Livestream mừng 2000 lượt đăng ký (Nửa sau)', N'Image', N'/BookContent/Sach_37/Chuong_9/page_001.jpg,/BookContent/Sach_37/Chuong_9/page_002.jpg,/BookContent/Sach_37/Chuong_9/page_003.jpg,/BookContent/Sach_37/Chuong_9/page_004.jpg,/BookContent/Sach_37/Chuong_9/page_005.jpg,/BookContent/Sach_37/Chuong_9/page_006.jpg,/BookContent/Sach_37/Chuong_9/page_007.jpg,/BookContent/Sach_37/Chuong_9/page_008.jpg,/BookContent/Sach_37/Chuong_9/page_009.jpg,/BookContent/Sach_37/Chuong_9/page_010.jpg,/BookContent/Sach_37/Chuong_9/page_011.jpg,/BookContent/Sach_37/Chuong_9/page_012.jpg,/BookContent/Sach_37/Chuong_9/page_013.jpg,/BookContent/Sach_37/Chuong_9/page_014.jpg,/BookContent/Sach_37/Chuong_9/page_015.jpg,/BookContent/Sach_37/Chuong_9/page_016.jpg,/BookContent/Sach_37/Chuong_9/page_017.jpg,/BookContent/Sach_37/Chuong_9/page_018.jpg,/BookContent/Sach_37/Chuong_9/page_019.jpg,/BookContent/Sach_37/Chuong_9/page_020.jpg,/BookContent/Sach_37/Chuong_9/page_021.jpg,/BookContent/Sach_37/Chuong_9/page_022.jpg,/BookContent/Sach_37/Chuong_9/page_023.jpg,/BookContent/Sach_37/Chuong_9/page_024.jpg,/BookContent/Sach_37/Chuong_9/page_025.jpg,/BookContent/Sach_37/Chuong_9/page_026.jpg,/BookContent/Sach_37/Chuong_9/page_027.jpg,/BookContent/Sach_37/Chuong_9/page_028.jpg', NULL, CAST(N'2025-04-10T08:13:37.903' AS DateTime))
INSERT [dbo].[NoiDungSach] ([IDNoiDung], [IDSach], [SoChuong], [TenChuong], [LoaiNoiDung], [DuongDan], [NoiDungText], [NgayTao]) VALUES (90, 37, 10, N'v02 c010_ Lấy số đo thôi!', N'Image', N'/BookContent/Sach_37/Chuong_10/page_001.jpg,/BookContent/Sach_37/Chuong_10/page_002.jpg,/BookContent/Sach_37/Chuong_10/page_003.jpg,/BookContent/Sach_37/Chuong_10/page_004.jpg,/BookContent/Sach_37/Chuong_10/page_005.jpg,/BookContent/Sach_37/Chuong_10/page_006.jpg,/BookContent/Sach_37/Chuong_10/page_007.jpg,/BookContent/Sach_37/Chuong_10/page_008.jpg,/BookContent/Sach_37/Chuong_10/page_009.jpg,/BookContent/Sach_37/Chuong_10/page_010.jpg,/BookContent/Sach_37/Chuong_10/page_011.jpg,/BookContent/Sach_37/Chuong_10/page_012.jpg,/BookContent/Sach_37/Chuong_10/page_013.jpg,/BookContent/Sach_37/Chuong_10/page_014.jpg,/BookContent/Sach_37/Chuong_10/page_015.jpg,/BookContent/Sach_37/Chuong_10/page_016.jpg,/BookContent/Sach_37/Chuong_10/page_017.jpg,/BookContent/Sach_37/Chuong_10/page_018.jpg,/BookContent/Sach_37/Chuong_10/page_019.jpg,/BookContent/Sach_37/Chuong_10/page_020.jpg,/BookContent/Sach_37/Chuong_10/page_021.jpg,/BookContent/Sach_37/Chuong_10/page_022.jpg,/BookContent/Sach_37/Chuong_10/page_023.jpg,/BookContent/Sach_37/Chuong_10/page_024.jpg,/BookContent/Sach_37/Chuong_10/page_025.jpg,/BookContent/Sach_37/Chuong_10/page_026.jpg,/BookContent/Sach_37/Chuong_10/page_027.jpg,/BookContent/Sach_37/Chuong_10/page_028.jpg', NULL, CAST(N'2025-04-10T08:13:54.640' AS DateTime))
INSERT [dbo].[NoiDungSach] ([IDNoiDung], [IDSach], [SoChuong], [TenChuong], [LoaiNoiDung], [DuongDan], [NoiDungText], [NgayTao]) VALUES (91, 37, 11, N'v02 c011_ Tỉnh lại, tôi nhớ về quá khứ', N'Image', N'/BookContent/Sach_37/Chuong_11/page_001.jpg,/BookContent/Sach_37/Chuong_11/page_002.jpg,/BookContent/Sach_37/Chuong_11/page_003.jpg,/BookContent/Sach_37/Chuong_11/page_004.jpg,/BookContent/Sach_37/Chuong_11/page_005.jpg,/BookContent/Sach_37/Chuong_11/page_006.jpg,/BookContent/Sach_37/Chuong_11/page_007.jpg,/BookContent/Sach_37/Chuong_11/page_008.jpg,/BookContent/Sach_37/Chuong_11/page_009.jpg,/BookContent/Sach_37/Chuong_11/page_010.jpg,/BookContent/Sach_37/Chuong_11/page_011.jpg,/BookContent/Sach_37/Chuong_11/page_012.jpg,/BookContent/Sach_37/Chuong_11/page_013.jpg,/BookContent/Sach_37/Chuong_11/page_014.jpg,/BookContent/Sach_37/Chuong_11/page_015.jpg,/BookContent/Sach_37/Chuong_11/page_016.jpg,/BookContent/Sach_37/Chuong_11/page_017.jpg,/BookContent/Sach_37/Chuong_11/page_018.jpg,/BookContent/Sach_37/Chuong_11/page_019.jpg,/BookContent/Sach_37/Chuong_11/page_020.jpg,/BookContent/Sach_37/Chuong_11/page_021.jpg,/BookContent/Sach_37/Chuong_11/page_022.jpg,/BookContent/Sach_37/Chuong_11/page_023.jpg,/BookContent/Sach_37/Chuong_11/page_024.jpg,/BookContent/Sach_37/Chuong_11/page_025.jpg,/BookContent/Sach_37/Chuong_11/page_026.jpg', NULL, CAST(N'2025-04-10T08:14:20.133' AS DateTime))
INSERT [dbo].[NoiDungSach] ([IDNoiDung], [IDSach], [SoChuong], [TenChuong], [LoaiNoiDung], [DuongDan], [NoiDungText], [NgayTao]) VALUES (92, 37, 12, N'v02 c012_ Kênh đăng kí vượt mốc 10,000 người!', N'Image', N'/BookContent/Sach_37/Chuong_12/page_001.png,/BookContent/Sach_37/Chuong_12/page_002.png,/BookContent/Sach_37/Chuong_12/page_003.png,/BookContent/Sach_37/Chuong_12/page_004.png,/BookContent/Sach_37/Chuong_12/page_005.png,/BookContent/Sach_37/Chuong_12/page_006.png,/BookContent/Sach_37/Chuong_12/page_007.png,/BookContent/Sach_37/Chuong_12/page_008.png,/BookContent/Sach_37/Chuong_12/page_009.png,/BookContent/Sach_37/Chuong_12/page_010.png,/BookContent/Sach_37/Chuong_12/page_011.png,/BookContent/Sach_37/Chuong_12/page_012.png,/BookContent/Sach_37/Chuong_12/page_013.png,/BookContent/Sach_37/Chuong_12/page_014.png,/BookContent/Sach_37/Chuong_12/page_015.png,/BookContent/Sach_37/Chuong_12/page_016.png,/BookContent/Sach_37/Chuong_12/page_017.png,/BookContent/Sach_37/Chuong_12/page_018.png,/BookContent/Sach_37/Chuong_12/page_019.png,/BookContent/Sach_37/Chuong_12/page_020.png,/BookContent/Sach_37/Chuong_12/page_021.png,/BookContent/Sach_37/Chuong_12/page_022.png,/BookContent/Sach_37/Chuong_12/page_023.png,/BookContent/Sach_37/Chuong_12/page_024.png,/BookContent/Sach_37/Chuong_12/page_025.png,/BookContent/Sach_37/Chuong_12/page_026.png,/BookContent/Sach_37/Chuong_12/page_027.png', NULL, CAST(N'2025-04-10T08:14:38.583' AS DateTime))
INSERT [dbo].[NoiDungSach] ([IDNoiDung], [IDSach], [SoChuong], [TenChuong], [LoaiNoiDung], [DuongDan], [NoiDungText], [NgayTao]) VALUES (93, 37, 13, N'v03 c013_ Tớ là con trai đấy nhé!', N'Image', N'/BookContent/Sach_37/Chuong_13/page_001.png,/BookContent/Sach_37/Chuong_13/page_002.jpg,/BookContent/Sach_37/Chuong_13/page_003.jpg,/BookContent/Sach_37/Chuong_13/page_004.jpg,/BookContent/Sach_37/Chuong_13/page_005.jpg,/BookContent/Sach_37/Chuong_13/page_006.jpg,/BookContent/Sach_37/Chuong_13/page_007.jpg,/BookContent/Sach_37/Chuong_13/page_008.jpg,/BookContent/Sach_37/Chuong_13/page_009.jpg,/BookContent/Sach_37/Chuong_13/page_010.jpg,/BookContent/Sach_37/Chuong_13/page_011.jpg,/BookContent/Sach_37/Chuong_13/page_012.jpg,/BookContent/Sach_37/Chuong_13/page_013.jpg,/BookContent/Sach_37/Chuong_13/page_014.jpg,/BookContent/Sach_37/Chuong_13/page_015.jpg,/BookContent/Sach_37/Chuong_13/page_016.jpg,/BookContent/Sach_37/Chuong_13/page_017.jpg,/BookContent/Sach_37/Chuong_13/page_018.jpg,/BookContent/Sach_37/Chuong_13/page_019.jpg,/BookContent/Sach_37/Chuong_13/page_020.jpg,/BookContent/Sach_37/Chuong_13/page_021.jpg,/BookContent/Sach_37/Chuong_13/page_022.jpg,/BookContent/Sach_37/Chuong_13/page_023.jpg,/BookContent/Sach_37/Chuong_13/page_024.jpg,/BookContent/Sach_37/Chuong_13/page_025.jpg,/BookContent/Sach_37/Chuong_13/page_026.jpg,/BookContent/Sach_37/Chuong_13/page_027.jpg,/BookContent/Sach_37/Chuong_13/page_028.jpg,/BookContent/Sach_37/Chuong_13/page_029.jpg,/BookContent/Sach_37/Chuong_13/page_030.jpg', NULL, CAST(N'2025-04-10T08:15:01.243' AS DateTime))
INSERT [dbo].[NoiDungSach] ([IDNoiDung], [IDSach], [SoChuong], [TenChuong], [LoaiNoiDung], [DuongDan], [NoiDungText], [NgayTao]) VALUES (94, 39, 1, N'c000', N'Image', N'/BookContent/Sach_39/Chuong_1/page_001.jpg,/BookContent/Sach_39/Chuong_1/page_002.jpg,/BookContent/Sach_39/Chuong_1/page_003.jpg,/BookContent/Sach_39/Chuong_1/page_004.jpg,/BookContent/Sach_39/Chuong_1/page_005.jpg,/BookContent/Sach_39/Chuong_1/page_006.jpg,/BookContent/Sach_39/Chuong_1/page_007.jpg,/BookContent/Sach_39/Chuong_1/page_008.jpg,/BookContent/Sach_39/Chuong_1/page_009.jpg,/BookContent/Sach_39/Chuong_1/page_010.jpg,/BookContent/Sach_39/Chuong_1/page_011.jpg,/BookContent/Sach_39/Chuong_1/page_012.jpg,/BookContent/Sach_39/Chuong_1/page_013.jpg,/BookContent/Sach_39/Chuong_1/page_014.jpg,/BookContent/Sach_39/Chuong_1/page_015.jpg,/BookContent/Sach_39/Chuong_1/page_016.jpg,/BookContent/Sach_39/Chuong_1/page_017.jpg,/BookContent/Sach_39/Chuong_1/page_018.jpg,/BookContent/Sach_39/Chuong_1/page_019.jpg,/BookContent/Sach_39/Chuong_1/page_020.jpg,/BookContent/Sach_39/Chuong_1/page_021.jpg,/BookContent/Sach_39/Chuong_1/page_022.jpg,/BookContent/Sach_39/Chuong_1/page_023.jpg,/BookContent/Sach_39/Chuong_1/page_024.jpg,/BookContent/Sach_39/Chuong_1/page_025.jpg,/BookContent/Sach_39/Chuong_1/page_026.jpg,/BookContent/Sach_39/Chuong_1/page_027.jpg,/BookContent/Sach_39/Chuong_1/page_028.jpg,/BookContent/Sach_39/Chuong_1/page_029.jpg,/BookContent/Sach_39/Chuong_1/page_030.jpg,/BookContent/Sach_39/Chuong_1/page_031.jpg,/BookContent/Sach_39/Chuong_1/page_032.jpg', NULL, CAST(N'2025-04-10T08:15:53.347' AS DateTime))
INSERT [dbo].[NoiDungSach] ([IDNoiDung], [IDSach], [SoChuong], [TenChuong], [LoaiNoiDung], [DuongDan], [NoiDungText], [NgayTao]) VALUES (95, 38, 1, N'c001_ CLIP.1_ SỰ TẬN TÂM', N'Image', N'/BookContent/Sach_38/Chuong_1/page_001.jpg,/BookContent/Sach_38/Chuong_1/page_002.jpg,/BookContent/Sach_38/Chuong_1/page_003.jpg,/BookContent/Sach_38/Chuong_1/page_004.jpg,/BookContent/Sach_38/Chuong_1/page_005.jpg,/BookContent/Sach_38/Chuong_1/page_006.jpg,/BookContent/Sach_38/Chuong_1/page_007.jpg,/BookContent/Sach_38/Chuong_1/page_008.jpg,/BookContent/Sach_38/Chuong_1/page_009.jpg,/BookContent/Sach_38/Chuong_1/page_010.jpg,/BookContent/Sach_38/Chuong_1/page_011.jpg,/BookContent/Sach_38/Chuong_1/page_012.jpg,/BookContent/Sach_38/Chuong_1/page_013.jpg,/BookContent/Sach_38/Chuong_1/page_014.jpg,/BookContent/Sach_38/Chuong_1/page_015.jpg,/BookContent/Sach_38/Chuong_1/page_016.jpg,/BookContent/Sach_38/Chuong_1/page_017.jpg,/BookContent/Sach_38/Chuong_1/page_018.jpg,/BookContent/Sach_38/Chuong_1/page_019.jpg,/BookContent/Sach_38/Chuong_1/page_020.jpg,/BookContent/Sach_38/Chuong_1/page_021.jpg,/BookContent/Sach_38/Chuong_1/page_022.jpg,/BookContent/Sach_38/Chuong_1/page_023.jpg,/BookContent/Sach_38/Chuong_1/page_024.jpg,/BookContent/Sach_38/Chuong_1/page_025.jpg,/BookContent/Sach_38/Chuong_1/page_026.jpg,/BookContent/Sach_38/Chuong_1/page_027.jpg,/BookContent/Sach_38/Chuong_1/page_028.jpg,/BookContent/Sach_38/Chuong_1/page_029.jpg,/BookContent/Sach_38/Chuong_1/page_030.jpg,/BookContent/Sach_38/Chuong_1/page_031.jpg,/BookContent/Sach_38/Chuong_1/page_032.jpg,/BookContent/Sach_38/Chuong_1/page_033.jpg,/BookContent/Sach_38/Chuong_1/page_034.jpg,/BookContent/Sach_38/Chuong_1/page_035.jpg,/BookContent/Sach_38/Chuong_1/page_036.jpg,/BookContent/Sach_38/Chuong_1/page_037.jpg,/BookContent/Sach_38/Chuong_1/page_038.jpg,/BookContent/Sach_38/Chuong_1/page_039.jpg,/BookContent/Sach_38/Chuong_1/page_040.jpg,/BookContent/Sach_38/Chuong_1/page_041.jpg,/BookContent/Sach_38/Chuong_1/page_042.jpg,/BookContent/Sach_38/Chuong_1/page_043.jpg,/BookContent/Sach_38/Chuong_1/page_044.jpg,/BookContent/Sach_38/Chuong_1/page_045.jpg,/BookContent/Sach_38/Chuong_1/page_046.jpg,/BookContent/Sach_38/Chuong_1/page_047.jpg,/BookContent/Sach_38/Chuong_1/page_048.jpg,/BookContent/Sach_38/Chuong_1/page_049.jpg,/BookContent/Sach_38/Chuong_1/page_050.jpg,/BookContent/Sach_38/Chuong_1/page_051.jpg,/BookContent/Sach_38/Chuong_1/page_052.jpg,/BookContent/Sach_38/Chuong_1/page_053.jpg,/BookContent/Sach_38/Chuong_1/page_054.jpg,/BookContent/Sach_38/Chuong_1/page_055.jpg', NULL, CAST(N'2025-04-10T08:16:19.983' AS DateTime))
INSERT [dbo].[NoiDungSach] ([IDNoiDung], [IDSach], [SoChuong], [TenChuong], [LoaiNoiDung], [DuongDan], [NoiDungText], [NgayTao]) VALUES (96, 38, 2, N'c002_ CLIP.2_ TRỞ THÀNH _OSI_ NGHĨA LÀ GÌ_!', N'Image', N'/BookContent/Sach_38/Chuong_2/page_001.jpg,/BookContent/Sach_38/Chuong_2/page_002.jpg,/BookContent/Sach_38/Chuong_2/page_003.jpg,/BookContent/Sach_38/Chuong_2/page_004.jpg,/BookContent/Sach_38/Chuong_2/page_005.jpg,/BookContent/Sach_38/Chuong_2/page_006.jpg,/BookContent/Sach_38/Chuong_2/page_007.jpg,/BookContent/Sach_38/Chuong_2/page_008.jpg,/BookContent/Sach_38/Chuong_2/page_009.jpg,/BookContent/Sach_38/Chuong_2/page_010.jpg,/BookContent/Sach_38/Chuong_2/page_011.jpg,/BookContent/Sach_38/Chuong_2/page_012.jpg,/BookContent/Sach_38/Chuong_2/page_013.jpg,/BookContent/Sach_38/Chuong_2/page_014.jpg,/BookContent/Sach_38/Chuong_2/page_015.jpg,/BookContent/Sach_38/Chuong_2/page_016.jpg,/BookContent/Sach_38/Chuong_2/page_017.jpg,/BookContent/Sach_38/Chuong_2/page_018.jpg,/BookContent/Sach_38/Chuong_2/page_019.jpg,/BookContent/Sach_38/Chuong_2/page_020.jpg,/BookContent/Sach_38/Chuong_2/page_021.jpg,/BookContent/Sach_38/Chuong_2/page_022.jpg,/BookContent/Sach_38/Chuong_2/page_023.jpg,/BookContent/Sach_38/Chuong_2/page_024.jpg,/BookContent/Sach_38/Chuong_2/page_025.jpg,/BookContent/Sach_38/Chuong_2/page_026.jpg,/BookContent/Sach_38/Chuong_2/page_027.jpg,/BookContent/Sach_38/Chuong_2/page_028.jpg,/BookContent/Sach_38/Chuong_2/page_029.jpg,/BookContent/Sach_38/Chuong_2/page_030.jpg,/BookContent/Sach_38/Chuong_2/page_031.jpg,/BookContent/Sach_38/Chuong_2/page_032.jpg,/BookContent/Sach_38/Chuong_2/page_033.jpg,/BookContent/Sach_38/Chuong_2/page_034.jpg,/BookContent/Sach_38/Chuong_2/page_035.jpg,/BookContent/Sach_38/Chuong_2/page_036.jpg,/BookContent/Sach_38/Chuong_2/page_037.jpg,/BookContent/Sach_38/Chuong_2/page_038.jpg', NULL, CAST(N'2025-04-10T08:16:38.857' AS DateTime))
INSERT [dbo].[NoiDungSach] ([IDNoiDung], [IDSach], [SoChuong], [TenChuong], [LoaiNoiDung], [DuongDan], [NoiDungText], [NgayTao]) VALUES (97, 38, 3, N'c003_ CLIP.3_ GẶP GỠ _MAMA_!', N'Image', N'/BookContent/Sach_38/Chuong_3/page_001.jpg,/BookContent/Sach_38/Chuong_3/page_002.jpg,/BookContent/Sach_38/Chuong_3/page_003.jpg,/BookContent/Sach_38/Chuong_3/page_004.jpg,/BookContent/Sach_38/Chuong_3/page_005.jpg,/BookContent/Sach_38/Chuong_3/page_006.jpg,/BookContent/Sach_38/Chuong_3/page_007.jpg,/BookContent/Sach_38/Chuong_3/page_008.jpg,/BookContent/Sach_38/Chuong_3/page_009.jpg,/BookContent/Sach_38/Chuong_3/page_010.jpg,/BookContent/Sach_38/Chuong_3/page_011.jpg,/BookContent/Sach_38/Chuong_3/page_012.jpg,/BookContent/Sach_38/Chuong_3/page_013.jpg,/BookContent/Sach_38/Chuong_3/page_014.jpg,/BookContent/Sach_38/Chuong_3/page_015.jpg,/BookContent/Sach_38/Chuong_3/page_016.jpg,/BookContent/Sach_38/Chuong_3/page_017.jpg,/BookContent/Sach_38/Chuong_3/page_018.jpg,/BookContent/Sach_38/Chuong_3/page_019.jpg,/BookContent/Sach_38/Chuong_3/page_020.jpg,/BookContent/Sach_38/Chuong_3/page_021.jpg,/BookContent/Sach_38/Chuong_3/page_022.jpg,/BookContent/Sach_38/Chuong_3/page_023.jpg,/BookContent/Sach_38/Chuong_3/page_024.jpg,/BookContent/Sach_38/Chuong_3/page_025.jpg,/BookContent/Sach_38/Chuong_3/page_026.jpg,/BookContent/Sach_38/Chuong_3/page_027.jpg,/BookContent/Sach_38/Chuong_3/page_028.jpg,/BookContent/Sach_38/Chuong_3/page_029.jpg,/BookContent/Sach_38/Chuong_3/page_030.jpg,/BookContent/Sach_38/Chuong_3/page_031.jpg,/BookContent/Sach_38/Chuong_3/page_032.jpg,/BookContent/Sach_38/Chuong_3/page_033.jpg,/BookContent/Sach_38/Chuong_3/page_034.jpg,/BookContent/Sach_38/Chuong_3/page_035.jpg,/BookContent/Sach_38/Chuong_3/page_036.jpg', NULL, CAST(N'2025-04-10T08:16:56.083' AS DateTime))
INSERT [dbo].[NoiDungSach] ([IDNoiDung], [IDSach], [SoChuong], [TenChuong], [LoaiNoiDung], [DuongDan], [NoiDungText], [NgayTao]) VALUES (98, 38, 4, N'c004_ CLIP.4_ NGƯỠNG MỘ VÀ MỤC TIÊU!', N'Image', N'/BookContent/Sach_38/Chuong_4/page_001.jpg,/BookContent/Sach_38/Chuong_4/page_002.jpg,/BookContent/Sach_38/Chuong_4/page_003.jpg,/BookContent/Sach_38/Chuong_4/page_004.jpg,/BookContent/Sach_38/Chuong_4/page_005.jpg,/BookContent/Sach_38/Chuong_4/page_006.jpg,/BookContent/Sach_38/Chuong_4/page_007.jpg,/BookContent/Sach_38/Chuong_4/page_008.jpg,/BookContent/Sach_38/Chuong_4/page_009.jpg,/BookContent/Sach_38/Chuong_4/page_010.jpg,/BookContent/Sach_38/Chuong_4/page_011.jpg,/BookContent/Sach_38/Chuong_4/page_012.jpg,/BookContent/Sach_38/Chuong_4/page_013.jpg,/BookContent/Sach_38/Chuong_4/page_014.jpg,/BookContent/Sach_38/Chuong_4/page_015.jpg,/BookContent/Sach_38/Chuong_4/page_016.jpg,/BookContent/Sach_38/Chuong_4/page_017.jpg,/BookContent/Sach_38/Chuong_4/page_018.jpg,/BookContent/Sach_38/Chuong_4/page_019.jpg,/BookContent/Sach_38/Chuong_4/page_020.jpg,/BookContent/Sach_38/Chuong_4/page_021.jpg,/BookContent/Sach_38/Chuong_4/page_022.jpg,/BookContent/Sach_38/Chuong_4/page_023.jpg,/BookContent/Sach_38/Chuong_4/page_024.jpg,/BookContent/Sach_38/Chuong_4/page_025.jpg,/BookContent/Sach_38/Chuong_4/page_026.jpg,/BookContent/Sach_38/Chuong_4/page_027.jpg,/BookContent/Sach_38/Chuong_4/page_028.jpg,/BookContent/Sach_38/Chuong_4/page_029.jpg,/BookContent/Sach_38/Chuong_4/page_030.jpg,/BookContent/Sach_38/Chuong_4/page_031.jpg,/BookContent/Sach_38/Chuong_4/page_032.jpg', NULL, CAST(N'2025-04-10T08:17:11.500' AS DateTime))
INSERT [dbo].[NoiDungSach] ([IDNoiDung], [IDSach], [SoChuong], [TenChuong], [LoaiNoiDung], [DuongDan], [NoiDungText], [NgayTao]) VALUES (99, 36, 1, N'v01 c001_ Hành trình lội ngược dòng từ đáy vực của một nhà soạn nhạc', N'Image', N'/BookContent/Sach_36/Chuong_1/page_001.png,/BookContent/Sach_36/Chuong_1/page_002.png,/BookContent/Sach_36/Chuong_1/page_003.png,/BookContent/Sach_36/Chuong_1/page_004.png,/BookContent/Sach_36/Chuong_1/page_005.png,/BookContent/Sach_36/Chuong_1/page_006.png,/BookContent/Sach_36/Chuong_1/page_007.png,/BookContent/Sach_36/Chuong_1/page_008.png,/BookContent/Sach_36/Chuong_1/page_009.png,/BookContent/Sach_36/Chuong_1/page_010.png,/BookContent/Sach_36/Chuong_1/page_011.png,/BookContent/Sach_36/Chuong_1/page_012.png,/BookContent/Sach_36/Chuong_1/page_013.png,/BookContent/Sach_36/Chuong_1/page_014.png,/BookContent/Sach_36/Chuong_1/page_015.png,/BookContent/Sach_36/Chuong_1/page_016.png,/BookContent/Sach_36/Chuong_1/page_017.png,/BookContent/Sach_36/Chuong_1/page_018.png,/BookContent/Sach_36/Chuong_1/page_019.png,/BookContent/Sach_36/Chuong_1/page_020.png,/BookContent/Sach_36/Chuong_1/page_021.png,/BookContent/Sach_36/Chuong_1/page_022.png,/BookContent/Sach_36/Chuong_1/page_023.png,/BookContent/Sach_36/Chuong_1/page_024.png,/BookContent/Sach_36/Chuong_1/page_025.png,/BookContent/Sach_36/Chuong_1/page_026.png,/BookContent/Sach_36/Chuong_1/page_027.png,/BookContent/Sach_36/Chuong_1/page_028.png,/BookContent/Sach_36/Chuong_1/page_029.png,/BookContent/Sach_36/Chuong_1/page_030.png,/BookContent/Sach_36/Chuong_1/page_031.png,/BookContent/Sach_36/Chuong_1/page_032.png,/BookContent/Sach_36/Chuong_1/page_033.png,/BookContent/Sach_36/Chuong_1/page_034.png,/BookContent/Sach_36/Chuong_1/page_035.png,/BookContent/Sach_36/Chuong_1/page_036.png,/BookContent/Sach_36/Chuong_1/page_037.png,/BookContent/Sach_36/Chuong_1/page_038.png,/BookContent/Sach_36/Chuong_1/page_039.png,/BookContent/Sach_36/Chuong_1/page_040.png,/BookContent/Sach_36/Chuong_1/page_041.png,/BookContent/Sach_36/Chuong_1/page_042.png,/BookContent/Sach_36/Chuong_1/page_043.png,/BookContent/Sach_36/Chuong_1/page_044.png,/BookContent/Sach_36/Chuong_1/page_045.png,/BookContent/Sach_36/Chuong_1/page_046.png,/BookContent/Sach_36/Chuong_1/page_047.png,/BookContent/Sach_36/Chuong_1/page_048.png,/BookContent/Sach_36/Chuong_1/page_049.png,/BookContent/Sach_36/Chuong_1/page_050.png', NULL, CAST(N'2025-04-10T08:22:08.157' AS DateTime))
INSERT [dbo].[NoiDungSach] ([IDNoiDung], [IDSach], [SoChuong], [TenChuong], [LoaiNoiDung], [DuongDan], [NoiDungText], [NgayTao]) VALUES (100, 36, 2, N'v01 c002_ Nữ hoàng băng giá', N'Image', N'/BookContent/Sach_36/Chuong_2/page_001.jpg,/BookContent/Sach_36/Chuong_2/page_002.jpg,/BookContent/Sach_36/Chuong_2/page_003.jpg,/BookContent/Sach_36/Chuong_2/page_004.jpg,/BookContent/Sach_36/Chuong_2/page_005.jpg,/BookContent/Sach_36/Chuong_2/page_006.jpg,/BookContent/Sach_36/Chuong_2/page_007.jpg,/BookContent/Sach_36/Chuong_2/page_008.jpg,/BookContent/Sach_36/Chuong_2/page_009.jpg,/BookContent/Sach_36/Chuong_2/page_010.jpg,/BookContent/Sach_36/Chuong_2/page_011.jpg,/BookContent/Sach_36/Chuong_2/page_012.jpg,/BookContent/Sach_36/Chuong_2/page_013.jpg,/BookContent/Sach_36/Chuong_2/page_014.jpg,/BookContent/Sach_36/Chuong_2/page_015.jpg,/BookContent/Sach_36/Chuong_2/page_016.jpg,/BookContent/Sach_36/Chuong_2/page_017.jpg,/BookContent/Sach_36/Chuong_2/page_018.jpg,/BookContent/Sach_36/Chuong_2/page_019.jpg,/BookContent/Sach_36/Chuong_2/page_020.jpg,/BookContent/Sach_36/Chuong_2/page_021.jpg,/BookContent/Sach_36/Chuong_2/page_022.jpg,/BookContent/Sach_36/Chuong_2/page_023.jpg,/BookContent/Sach_36/Chuong_2/page_024.jpg,/BookContent/Sach_36/Chuong_2/page_025.jpg,/BookContent/Sach_36/Chuong_2/page_026.jpg,/BookContent/Sach_36/Chuong_2/page_027.jpg,/BookContent/Sach_36/Chuong_2/page_028.jpg,/BookContent/Sach_36/Chuong_2/page_029.jpg,/BookContent/Sach_36/Chuong_2/page_030.jpg,/BookContent/Sach_36/Chuong_2/page_031.jpg,/BookContent/Sach_36/Chuong_2/page_032.jpg,/BookContent/Sach_36/Chuong_2/page_033.jpg,/BookContent/Sach_36/Chuong_2/page_034.jpg,/BookContent/Sach_36/Chuong_2/page_035.png,/BookContent/Sach_36/Chuong_2/page_036.png,/BookContent/Sach_36/Chuong_2/page_037.png,/BookContent/Sach_36/Chuong_2/page_038.png,/BookContent/Sach_36/Chuong_2/page_039.png', NULL, CAST(N'2025-04-10T08:22:37.030' AS DateTime))
INSERT [dbo].[NoiDungSach] ([IDNoiDung], [IDSach], [SoChuong], [TenChuong], [LoaiNoiDung], [DuongDan], [NoiDungText], [NgayTao]) VALUES (101, 40, 1, N'1225 bước đầu tiên', N'Image', N'/BookContent/Sach_40/Chuong_1/page_001.jpg,/BookContent/Sach_40/Chuong_1/page_002.jpg,/BookContent/Sach_40/Chuong_1/page_003.jpg,/BookContent/Sach_40/Chuong_1/page_004.jpg,/BookContent/Sach_40/Chuong_1/page_005.jpg,/BookContent/Sach_40/Chuong_1/page_006.jpg,/BookContent/Sach_40/Chuong_1/page_007.jpg,/BookContent/Sach_40/Chuong_1/page_008.jpg,/BookContent/Sach_40/Chuong_1/page_009.jpg,/BookContent/Sach_40/Chuong_1/page_010.jpg,/BookContent/Sach_40/Chuong_1/page_011.jpg,/BookContent/Sach_40/Chuong_1/page_012.jpg,/BookContent/Sach_40/Chuong_1/page_013.jpg,/BookContent/Sach_40/Chuong_1/page_014.jpg,/BookContent/Sach_40/Chuong_1/page_015.jpg,/BookContent/Sach_40/Chuong_1/page_016.jpg,/BookContent/Sach_40/Chuong_1/page_017.jpg,/BookContent/Sach_40/Chuong_1/page_018.jpg,/BookContent/Sach_40/Chuong_1/page_019.jpg,/BookContent/Sach_40/Chuong_1/page_020.jpg,/BookContent/Sach_40/Chuong_1/page_021.jpg,/BookContent/Sach_40/Chuong_1/page_022.jpg,/BookContent/Sach_40/Chuong_1/page_023.jpg,/BookContent/Sach_40/Chuong_1/page_024.jpg,/BookContent/Sach_40/Chuong_1/page_025.jpg,/BookContent/Sach_40/Chuong_1/page_026.jpg,/BookContent/Sach_40/Chuong_1/page_027.jpg,/BookContent/Sach_40/Chuong_1/page_028.jpg,/BookContent/Sach_40/Chuong_1/page_029.jpg,/BookContent/Sach_40/Chuong_1/page_030.jpg,/BookContent/Sach_40/Chuong_1/page_031.jpg,/BookContent/Sach_40/Chuong_1/page_032.jpg,/BookContent/Sach_40/Chuong_1/page_033.jpg,/BookContent/Sach_40/Chuong_1/page_034.jpg,/BookContent/Sach_40/Chuong_1/page_035.jpg,/BookContent/Sach_40/Chuong_1/page_036.jpg,/BookContent/Sach_40/Chuong_1/page_037.jpg,/BookContent/Sach_40/Chuong_1/page_038.jpg,/BookContent/Sach_40/Chuong_1/page_039.jpg,/BookContent/Sach_40/Chuong_1/page_040.jpg,/BookContent/Sach_40/Chuong_1/page_041.jpg,/BookContent/Sach_40/Chuong_1/page_042.jpg,/BookContent/Sach_40/Chuong_1/page_043.jpg,/BookContent/Sach_40/Chuong_1/page_044.jpg,/BookContent/Sach_40/Chuong_1/page_045.jpg,/BookContent/Sach_40/Chuong_1/page_046.jpg,/BookContent/Sach_40/Chuong_1/page_047.jpg,/BookContent/Sach_40/Chuong_1/page_048.jpg,/BookContent/Sach_40/Chuong_1/page_049.jpg,/BookContent/Sach_40/Chuong_1/page_050.jpg,/BookContent/Sach_40/Chuong_1/page_051.jpg,/BookContent/Sach_40/Chuong_1/page_052.jpg,/BookContent/Sach_40/Chuong_1/page_053.jpg', NULL, CAST(N'2025-04-10T08:30:48.470' AS DateTime))
INSERT [dbo].[NoiDungSach] ([IDNoiDung], [IDSach], [SoChuong], [TenChuong], [LoaiNoiDung], [DuongDan], [NoiDungText], [NgayTao]) VALUES (103, 41, 1, N'Bắt đầu thế giới ảo', N'Image', N'/BookContent/Sach_41/Chuong_1/page_001.png,/BookContent/Sach_41/Chuong_1/page_002.png,/BookContent/Sach_41/Chuong_1/page_003.png,/BookContent/Sach_41/Chuong_1/page_004.png,/BookContent/Sach_41/Chuong_1/page_005.png,/BookContent/Sach_41/Chuong_1/page_006.png,/BookContent/Sach_41/Chuong_1/page_007.png,/BookContent/Sach_41/Chuong_1/page_008.png,/BookContent/Sach_41/Chuong_1/page_009.png,/BookContent/Sach_41/Chuong_1/page_010.png,/BookContent/Sach_41/Chuong_1/page_011.png,/BookContent/Sach_41/Chuong_1/page_012.png,/BookContent/Sach_41/Chuong_1/page_013.png,/BookContent/Sach_41/Chuong_1/page_014.png,/BookContent/Sach_41/Chuong_1/page_015.png,/BookContent/Sach_41/Chuong_1/page_016.png,/BookContent/Sach_41/Chuong_1/page_017.png,/BookContent/Sach_41/Chuong_1/page_018.png,/BookContent/Sach_41/Chuong_1/page_019.png,/BookContent/Sach_41/Chuong_1/page_020.png,/BookContent/Sach_41/Chuong_1/page_021.png,/BookContent/Sach_41/Chuong_1/page_022.png,/BookContent/Sach_41/Chuong_1/page_023.png,/BookContent/Sach_41/Chuong_1/page_024.png,/BookContent/Sach_41/Chuong_1/page_025.png,/BookContent/Sach_41/Chuong_1/page_026.png,/BookContent/Sach_41/Chuong_1/page_027.png,/BookContent/Sach_41/Chuong_1/page_028.png,/BookContent/Sach_41/Chuong_1/page_029.png,/BookContent/Sach_41/Chuong_1/page_030.png,/BookContent/Sach_41/Chuong_1/page_031.png,/BookContent/Sach_41/Chuong_1/page_032.png,/BookContent/Sach_41/Chuong_1/page_033.png,/BookContent/Sach_41/Chuong_1/page_034.png,/BookContent/Sach_41/Chuong_1/page_035.png,/BookContent/Sach_41/Chuong_1/page_036.png,/BookContent/Sach_41/Chuong_1/page_037.png,/BookContent/Sach_41/Chuong_1/page_038.png,/BookContent/Sach_41/Chuong_1/page_039.png,/BookContent/Sach_41/Chuong_1/page_040.png,/BookContent/Sach_41/Chuong_1/page_041.png,/BookContent/Sach_41/Chuong_1/page_042.png,/BookContent/Sach_41/Chuong_1/page_043.png,/BookContent/Sach_41/Chuong_1/page_044.png,/BookContent/Sach_41/Chuong_1/page_045.png,/BookContent/Sach_41/Chuong_1/page_046.png,/BookContent/Sach_41/Chuong_1/page_047.png,/BookContent/Sach_41/Chuong_1/page_048.png,/BookContent/Sach_41/Chuong_1/page_049.png,/BookContent/Sach_41/Chuong_1/page_050.png,/BookContent/Sach_41/Chuong_1/page_051.png,/BookContent/Sach_41/Chuong_1/page_052.png,/BookContent/Sach_41/Chuong_1/page_053.png,/BookContent/Sach_41/Chuong_1/page_054.png,/BookContent/Sach_41/Chuong_1/page_055.png,/BookContent/Sach_41/Chuong_1/page_056.png,/BookContent/Sach_41/Chuong_1/page_057.png,/BookContent/Sach_41/Chuong_1/page_058.png,/BookContent/Sach_41/Chuong_1/page_059.png,/BookContent/Sach_41/Chuong_1/page_060.png,/BookContent/Sach_41/Chuong_1/page_061.png,/BookContent/Sach_41/Chuong_1/page_062.png,/BookContent/Sach_41/Chuong_1/page_063.png,/BookContent/Sach_41/Chuong_1/page_064.png,/BookContent/Sach_41/Chuong_1/page_065.png,/BookContent/Sach_41/Chuong_1/page_066.png,/BookContent/Sach_41/Chuong_1/page_067.png,/BookContent/Sach_41/Chuong_1/page_068.png,/BookContent/Sach_41/Chuong_1/page_069.png,/BookContent/Sach_41/Chuong_1/page_070.png', NULL, CAST(N'2025-04-10T08:39:35.143' AS DateTime))
INSERT [dbo].[NoiDungSach] ([IDNoiDung], [IDSach], [SoChuong], [TenChuong], [LoaiNoiDung], [DuongDan], [NoiDungText], [NgayTao]) VALUES (104, 41, 2, N'Nhiệm vụ không chỉ dẫn', N'Image', N'/BookContent/Sach_41/Chuong_2/page_001.png,/BookContent/Sach_41/Chuong_2/page_002.png,/BookContent/Sach_41/Chuong_2/page_003.png,/BookContent/Sach_41/Chuong_2/page_004.png,/BookContent/Sach_41/Chuong_2/page_005.png,/BookContent/Sach_41/Chuong_2/page_006.png,/BookContent/Sach_41/Chuong_2/page_007.png,/BookContent/Sach_41/Chuong_2/page_008.png,/BookContent/Sach_41/Chuong_2/page_009.png,/BookContent/Sach_41/Chuong_2/page_010.png,/BookContent/Sach_41/Chuong_2/page_011.png,/BookContent/Sach_41/Chuong_2/page_012.png,/BookContent/Sach_41/Chuong_2/page_013.png,/BookContent/Sach_41/Chuong_2/page_014.png,/BookContent/Sach_41/Chuong_2/page_015.png,/BookContent/Sach_41/Chuong_2/page_016.png,/BookContent/Sach_41/Chuong_2/page_017.png,/BookContent/Sach_41/Chuong_2/page_018.png,/BookContent/Sach_41/Chuong_2/page_019.png,/BookContent/Sach_41/Chuong_2/page_020.png,/BookContent/Sach_41/Chuong_2/page_021.png,/BookContent/Sach_41/Chuong_2/page_022.png,/BookContent/Sach_41/Chuong_2/page_023.png,/BookContent/Sach_41/Chuong_2/page_024.png,/BookContent/Sach_41/Chuong_2/page_025.png,/BookContent/Sach_41/Chuong_2/page_026.png', NULL, CAST(N'2025-04-10T08:40:40.520' AS DateTime))
INSERT [dbo].[NoiDungSach] ([IDNoiDung], [IDSach], [SoChuong], [TenChuong], [LoaiNoiDung], [DuongDan], [NoiDungText], [NgayTao]) VALUES (105, 41, 3, N'Thảo dược và chinh phạt boss', N'Image', N'/BookContent/Sach_41/Chuong_3/page_001.png,/BookContent/Sach_41/Chuong_3/page_002.png,/BookContent/Sach_41/Chuong_3/page_003.png,/BookContent/Sach_41/Chuong_3/page_004.png,/BookContent/Sach_41/Chuong_3/page_005.png,/BookContent/Sach_41/Chuong_3/page_006.png,/BookContent/Sach_41/Chuong_3/page_007.png,/BookContent/Sach_41/Chuong_3/page_008.png,/BookContent/Sach_41/Chuong_3/page_009.png,/BookContent/Sach_41/Chuong_3/page_010.png,/BookContent/Sach_41/Chuong_3/page_011.png,/BookContent/Sach_41/Chuong_3/page_012.png,/BookContent/Sach_41/Chuong_3/page_013.png,/BookContent/Sach_41/Chuong_3/page_014.png,/BookContent/Sach_41/Chuong_3/page_015.png,/BookContent/Sach_41/Chuong_3/page_016.png,/BookContent/Sach_41/Chuong_3/page_017.png,/BookContent/Sach_41/Chuong_3/page_018.png,/BookContent/Sach_41/Chuong_3/page_019.png,/BookContent/Sach_41/Chuong_3/page_020.png,/BookContent/Sach_41/Chuong_3/page_021.png,/BookContent/Sach_41/Chuong_3/page_022.png,/BookContent/Sach_41/Chuong_3/page_023.png,/BookContent/Sach_41/Chuong_3/page_024.png,/BookContent/Sach_41/Chuong_3/page_025.png,/BookContent/Sach_41/Chuong_3/page_026.png,/BookContent/Sach_41/Chuong_3/page_027.png,/BookContent/Sach_41/Chuong_3/page_028.png,/BookContent/Sach_41/Chuong_3/page_029.png,/BookContent/Sach_41/Chuong_3/page_030.png,/BookContent/Sach_41/Chuong_3/page_031.png', NULL, CAST(N'2025-04-10T08:41:06.330' AS DateTime))
INSERT [dbo].[NoiDungSach] ([IDNoiDung], [IDSach], [SoChuong], [TenChuong], [LoaiNoiDung], [DuongDan], [NoiDungText], [NgayTao]) VALUES (106, 41, 4, N'Hạ gục quái vật mạnh nhất', N'Image', N'/BookContent/Sach_41/Chuong_4/page_001.png,/BookContent/Sach_41/Chuong_4/page_002.png,/BookContent/Sach_41/Chuong_4/page_003.png,/BookContent/Sach_41/Chuong_4/page_004.png,/BookContent/Sach_41/Chuong_4/page_005.png,/BookContent/Sach_41/Chuong_4/page_006.png,/BookContent/Sach_41/Chuong_4/page_007.png,/BookContent/Sach_41/Chuong_4/page_008.png,/BookContent/Sach_41/Chuong_4/page_009.png,/BookContent/Sach_41/Chuong_4/page_010.png,/BookContent/Sach_41/Chuong_4/page_011.png,/BookContent/Sach_41/Chuong_4/page_012.png,/BookContent/Sach_41/Chuong_4/page_013.png,/BookContent/Sach_41/Chuong_4/page_014.png,/BookContent/Sach_41/Chuong_4/page_015.png,/BookContent/Sach_41/Chuong_4/page_016.png,/BookContent/Sach_41/Chuong_4/page_017.png,/BookContent/Sach_41/Chuong_4/page_018.png,/BookContent/Sach_41/Chuong_4/page_019.png,/BookContent/Sach_41/Chuong_4/page_020.png,/BookContent/Sach_41/Chuong_4/page_021.png,/BookContent/Sach_41/Chuong_4/page_022.png,/BookContent/Sach_41/Chuong_4/page_023.png,/BookContent/Sach_41/Chuong_4/page_024.png,/BookContent/Sach_41/Chuong_4/page_025.png,/BookContent/Sach_41/Chuong_4/page_026.png,/BookContent/Sach_41/Chuong_4/page_027.png,/BookContent/Sach_41/Chuong_4/page_028.png', NULL, CAST(N'2025-04-10T08:42:39.690' AS DateTime))
INSERT [dbo].[NoiDungSach] ([IDNoiDung], [IDSach], [SoChuong], [TenChuong], [LoaiNoiDung], [DuongDan], [NoiDungText], [NgayTao]) VALUES (107, 41, 5, N'Hỏa Huyết', N'Image', N'/BookContent/Sach_41/Chuong_5/page_001.png,/BookContent/Sach_41/Chuong_5/page_002.png,/BookContent/Sach_41/Chuong_5/page_003.png,/BookContent/Sach_41/Chuong_5/page_004.png,/BookContent/Sach_41/Chuong_5/page_005.png,/BookContent/Sach_41/Chuong_5/page_006.png,/BookContent/Sach_41/Chuong_5/page_007.png,/BookContent/Sach_41/Chuong_5/page_008.png,/BookContent/Sach_41/Chuong_5/page_009.png,/BookContent/Sach_41/Chuong_5/page_010.png,/BookContent/Sach_41/Chuong_5/page_011.png,/BookContent/Sach_41/Chuong_5/page_012.png,/BookContent/Sach_41/Chuong_5/page_013.png,/BookContent/Sach_41/Chuong_5/page_014.png,/BookContent/Sach_41/Chuong_5/page_015.png,/BookContent/Sach_41/Chuong_5/page_016.png,/BookContent/Sach_41/Chuong_5/page_017.png,/BookContent/Sach_41/Chuong_5/page_018.png,/BookContent/Sach_41/Chuong_5/page_019.png,/BookContent/Sach_41/Chuong_5/page_020.png,/BookContent/Sach_41/Chuong_5/page_021.png,/BookContent/Sach_41/Chuong_5/page_022.png,/BookContent/Sach_41/Chuong_5/page_023.png,/BookContent/Sach_41/Chuong_5/page_024.png,/BookContent/Sach_41/Chuong_5/page_025.png,/BookContent/Sach_41/Chuong_5/page_026.png,/BookContent/Sach_41/Chuong_5/page_027.png,/BookContent/Sach_41/Chuong_5/page_028.png,/BookContent/Sach_41/Chuong_5/page_029.png', NULL, CAST(N'2025-04-10T08:43:40.527' AS DateTime))
INSERT [dbo].[NoiDungSach] ([IDNoiDung], [IDSach], [SoChuong], [TenChuong], [LoaiNoiDung], [DuongDan], [NoiDungText], [NgayTao]) VALUES (108, 41, 6, N'Thành phố Thương mại vô tận Valhallan', N'Image', N'/BookContent/Sach_41/Chuong_6/page_001.png,/BookContent/Sach_41/Chuong_6/page_002.png,/BookContent/Sach_41/Chuong_6/page_003.png,/BookContent/Sach_41/Chuong_6/page_004.png,/BookContent/Sach_41/Chuong_6/page_005.png,/BookContent/Sach_41/Chuong_6/page_006.png,/BookContent/Sach_41/Chuong_6/page_007.png,/BookContent/Sach_41/Chuong_6/page_008.png,/BookContent/Sach_41/Chuong_6/page_009.png,/BookContent/Sach_41/Chuong_6/page_010.png,/BookContent/Sach_41/Chuong_6/page_011.png,/BookContent/Sach_41/Chuong_6/page_012.png,/BookContent/Sach_41/Chuong_6/page_013.png,/BookContent/Sach_41/Chuong_6/page_014.png,/BookContent/Sach_41/Chuong_6/page_015.png,/BookContent/Sach_41/Chuong_6/page_016.png,/BookContent/Sach_41/Chuong_6/page_017.png,/BookContent/Sach_41/Chuong_6/page_018.png', NULL, CAST(N'2025-04-10T08:44:48.863' AS DateTime))
INSERT [dbo].[NoiDungSach] ([IDNoiDung], [IDSach], [SoChuong], [TenChuong], [LoaiNoiDung], [DuongDan], [NoiDungText], [NgayTao]) VALUES (109, 41, 7, N'Trận PvP đầu tiên', N'Image', N'/BookContent/Sach_41/Chuong_7/page_001.png,/BookContent/Sach_41/Chuong_7/page_002.png,/BookContent/Sach_41/Chuong_7/page_003.png,/BookContent/Sach_41/Chuong_7/page_004.png,/BookContent/Sach_41/Chuong_7/page_005.png,/BookContent/Sach_41/Chuong_7/page_006.png,/BookContent/Sach_41/Chuong_7/page_007.png,/BookContent/Sach_41/Chuong_7/page_008.png,/BookContent/Sach_41/Chuong_7/page_009.png,/BookContent/Sach_41/Chuong_7/page_010.png,/BookContent/Sach_41/Chuong_7/page_011.png,/BookContent/Sach_41/Chuong_7/page_012.png,/BookContent/Sach_41/Chuong_7/page_013.png,/BookContent/Sach_41/Chuong_7/page_014.png,/BookContent/Sach_41/Chuong_7/page_015.png,/BookContent/Sach_41/Chuong_7/page_016.png,/BookContent/Sach_41/Chuong_7/page_017.png,/BookContent/Sach_41/Chuong_7/page_018.png,/BookContent/Sach_41/Chuong_7/page_019.png', NULL, CAST(N'2025-04-10T08:45:35.253' AS DateTime))
INSERT [dbo].[NoiDungSach] ([IDNoiDung], [IDSach], [SoChuong], [TenChuong], [LoaiNoiDung], [DuongDan], [NoiDungText], [NgayTao]) VALUES (110, 41, 8, N'Vượt qua đèo Oninari', N'Image', N'/BookContent/Sach_41/Chuong_8/page_001.png,/BookContent/Sach_41/Chuong_8/page_002.png,/BookContent/Sach_41/Chuong_8/page_003.png,/BookContent/Sach_41/Chuong_8/page_004.png,/BookContent/Sach_41/Chuong_8/page_005.png,/BookContent/Sach_41/Chuong_8/page_006.png,/BookContent/Sach_41/Chuong_8/page_007.png,/BookContent/Sach_41/Chuong_8/page_008.png,/BookContent/Sach_41/Chuong_8/page_009.png,/BookContent/Sach_41/Chuong_8/page_010.png,/BookContent/Sach_41/Chuong_8/page_011.png,/BookContent/Sach_41/Chuong_8/page_012.png,/BookContent/Sach_41/Chuong_8/page_013.png,/BookContent/Sach_41/Chuong_8/page_014.png,/BookContent/Sach_41/Chuong_8/page_015.png,/BookContent/Sach_41/Chuong_8/page_016.png,/BookContent/Sach_41/Chuong_8/page_017.png', NULL, CAST(N'2025-04-10T08:46:27.293' AS DateTime))
INSERT [dbo].[NoiDungSach] ([IDNoiDung], [IDSach], [SoChuong], [TenChuong], [LoaiNoiDung], [DuongDan], [NoiDungText], [NgayTao]) VALUES (111, 41, 9, N'Kẻ xâm nhập vô song', N'Image', N'/BookContent/Sach_41/Chuong_9/page_001.png,/BookContent/Sach_41/Chuong_9/page_002.png,/BookContent/Sach_41/Chuong_9/page_003.png,/BookContent/Sach_41/Chuong_9/page_004.png,/BookContent/Sach_41/Chuong_9/page_005.png,/BookContent/Sach_41/Chuong_9/page_006.png,/BookContent/Sach_41/Chuong_9/page_007.png,/BookContent/Sach_41/Chuong_9/page_008.png,/BookContent/Sach_41/Chuong_9/page_009.png,/BookContent/Sach_41/Chuong_9/page_010.png,/BookContent/Sach_41/Chuong_9/page_011.png,/BookContent/Sach_41/Chuong_9/page_012.png,/BookContent/Sach_41/Chuong_9/page_013.png,/BookContent/Sach_41/Chuong_9/page_014.png,/BookContent/Sach_41/Chuong_9/page_015.png,/BookContent/Sach_41/Chuong_9/page_016.png,/BookContent/Sach_41/Chuong_9/page_017.png,/BookContent/Sach_41/Chuong_9/page_018.png,/BookContent/Sach_41/Chuong_9/page_019.png', NULL, CAST(N'2025-04-10T08:47:37.603' AS DateTime))
INSERT [dbo].[NoiDungSach] ([IDNoiDung], [IDSach], [SoChuong], [TenChuong], [LoaiNoiDung], [DuongDan], [NoiDungText], [NgayTao]) VALUES (112, 41, 10, N'Thanh kiếm mật『Cửu Kích』', N'Image', N'/BookContent/Sach_41/Chuong_10/page_001.png,/BookContent/Sach_41/Chuong_10/page_002.png,/BookContent/Sach_41/Chuong_10/page_003.png,/BookContent/Sach_41/Chuong_10/page_004.png,/BookContent/Sach_41/Chuong_10/page_005.png,/BookContent/Sach_41/Chuong_10/page_006.png,/BookContent/Sach_41/Chuong_10/page_007.png,/BookContent/Sach_41/Chuong_10/page_008.png,/BookContent/Sach_41/Chuong_10/page_009.png,/BookContent/Sach_41/Chuong_10/page_010.png,/BookContent/Sach_41/Chuong_10/page_011.png,/BookContent/Sach_41/Chuong_10/page_012.png,/BookContent/Sach_41/Chuong_10/page_013.png,/BookContent/Sach_41/Chuong_10/page_014.png,/BookContent/Sach_41/Chuong_10/page_015.png,/BookContent/Sach_41/Chuong_10/page_016.png,/BookContent/Sach_41/Chuong_10/page_017.png', NULL, CAST(N'2025-04-10T08:48:56.320' AS DateTime))
INSERT [dbo].[NoiDungSach] ([IDNoiDung], [IDSach], [SoChuong], [TenChuong], [LoaiNoiDung], [DuongDan], [NoiDungText], [NgayTao]) VALUES (113, 41, 11, N'Nước đi quyết định', N'Image', N'/BookContent/Sach_41/Chuong_11/page_001.png,/BookContent/Sach_41/Chuong_11/page_002.png,/BookContent/Sach_41/Chuong_11/page_003.png,/BookContent/Sach_41/Chuong_11/page_004.png,/BookContent/Sach_41/Chuong_11/page_005.png,/BookContent/Sach_41/Chuong_11/page_006.png,/BookContent/Sach_41/Chuong_11/page_007.png,/BookContent/Sach_41/Chuong_11/page_008.png,/BookContent/Sach_41/Chuong_11/page_009.png,/BookContent/Sach_41/Chuong_11/page_010.png,/BookContent/Sach_41/Chuong_11/page_011.png,/BookContent/Sach_41/Chuong_11/page_012.png,/BookContent/Sach_41/Chuong_11/page_013.png,/BookContent/Sach_41/Chuong_11/page_014.png,/BookContent/Sach_41/Chuong_11/page_015.png,/BookContent/Sach_41/Chuong_11/page_016.png,/BookContent/Sach_41/Chuong_11/page_017.png,/BookContent/Sach_41/Chuong_11/page_018.png,/BookContent/Sach_41/Chuong_11/page_019.png,/BookContent/Sach_41/Chuong_11/page_020.png,/BookContent/Sach_41/Chuong_11/page_021.png', NULL, CAST(N'2025-04-10T08:50:06.160' AS DateTime))
INSERT [dbo].[NoiDungSach] ([IDNoiDung], [IDSach], [SoChuong], [TenChuong], [LoaiNoiDung], [DuongDan], [NoiDungText], [NgayTao]) VALUES (114, 41, 12, N'Từ sa mạc, với tất cả tình yêu', N'Image', N'/BookContent/Sach_41/Chuong_12/page_001.png,/BookContent/Sach_41/Chuong_12/page_002.jpg,/BookContent/Sach_41/Chuong_12/page_003.jpg,/BookContent/Sach_41/Chuong_12/page_004.jpg,/BookContent/Sach_41/Chuong_12/page_005.jpg,/BookContent/Sach_41/Chuong_12/page_006.jpg,/BookContent/Sach_41/Chuong_12/page_007.jpg,/BookContent/Sach_41/Chuong_12/page_008.jpg,/BookContent/Sach_41/Chuong_12/page_009.jpg,/BookContent/Sach_41/Chuong_12/page_010.jpg,/BookContent/Sach_41/Chuong_12/page_011.jpg,/BookContent/Sach_41/Chuong_12/page_012.jpg,/BookContent/Sach_41/Chuong_12/page_013.jpg,/BookContent/Sach_41/Chuong_12/page_014.jpg,/BookContent/Sach_41/Chuong_12/page_015.jpg,/BookContent/Sach_41/Chuong_12/page_016.jpg,/BookContent/Sach_41/Chuong_12/page_017.jpg,/BookContent/Sach_41/Chuong_12/page_018.png,/BookContent/Sach_41/Chuong_12/page_019.png', NULL, CAST(N'2025-04-10T08:51:19.733' AS DateTime))
INSERT [dbo].[NoiDungSach] ([IDNoiDung], [IDSach], [SoChuong], [TenChuong], [LoaiNoiDung], [DuongDan], [NoiDungText], [NgayTao]) VALUES (115, 41, 13, N'Trận 3v3 bắt đầu', N'Image', N'/BookContent/Sach_41/Chuong_13/page_001.png,/BookContent/Sach_41/Chuong_13/page_002.jpg,/BookContent/Sach_41/Chuong_13/page_003.jpg,/BookContent/Sach_41/Chuong_13/page_004.jpg,/BookContent/Sach_41/Chuong_13/page_005.jpg,/BookContent/Sach_41/Chuong_13/page_006.jpg,/BookContent/Sach_41/Chuong_13/page_007.jpg,/BookContent/Sach_41/Chuong_13/page_008.jpg,/BookContent/Sach_41/Chuong_13/page_009.jpg,/BookContent/Sach_41/Chuong_13/page_010.jpg,/BookContent/Sach_41/Chuong_13/page_011.jpg,/BookContent/Sach_41/Chuong_13/page_012.jpg,/BookContent/Sach_41/Chuong_13/page_013.jpg,/BookContent/Sach_41/Chuong_13/page_014.jpg,/BookContent/Sach_41/Chuong_13/page_015.jpg,/BookContent/Sach_41/Chuong_13/page_016.jpg,/BookContent/Sach_41/Chuong_13/page_017.jpg,/BookContent/Sach_41/Chuong_13/page_018.jpg,/BookContent/Sach_41/Chuong_13/page_019.jpg,/BookContent/Sach_41/Chuong_13/page_020.png,/BookContent/Sach_41/Chuong_13/page_021.png', NULL, CAST(N'2025-04-10T08:53:16.077' AS DateTime))
INSERT [dbo].[NoiDungSach] ([IDNoiDung], [IDSach], [SoChuong], [TenChuong], [LoaiNoiDung], [DuongDan], [NoiDungText], [NgayTao]) VALUES (116, 41, 14, N'"Vượt lên" thất bại', N'Image', N'/BookContent/Sach_41/Chuong_14/page_001.png,/BookContent/Sach_41/Chuong_14/page_002.png,/BookContent/Sach_41/Chuong_14/page_003.png,/BookContent/Sach_41/Chuong_14/page_004.png,/BookContent/Sach_41/Chuong_14/page_005.png,/BookContent/Sach_41/Chuong_14/page_006.png,/BookContent/Sach_41/Chuong_14/page_007.png,/BookContent/Sach_41/Chuong_14/page_008.png,/BookContent/Sach_41/Chuong_14/page_009.png,/BookContent/Sach_41/Chuong_14/page_010.png,/BookContent/Sach_41/Chuong_14/page_011.png,/BookContent/Sach_41/Chuong_14/page_012.png,/BookContent/Sach_41/Chuong_14/page_013.png,/BookContent/Sach_41/Chuong_14/page_014.png,/BookContent/Sach_41/Chuong_14/page_015.png,/BookContent/Sach_41/Chuong_14/page_016.png,/BookContent/Sach_41/Chuong_14/page_017.png,/BookContent/Sach_41/Chuong_14/page_018.png,/BookContent/Sach_41/Chuong_14/page_019.png', NULL, CAST(N'2025-04-10T08:54:09.813' AS DateTime))
INSERT [dbo].[NoiDungSach] ([IDNoiDung], [IDSach], [SoChuong], [TenChuong], [LoaiNoiDung], [DuongDan], [NoiDungText], [NgayTao]) VALUES (117, 41, 15, N'Trên nhịp súng máy', N'Image', N'/BookContent/Sach_41/Chuong_15/page_001.png,/BookContent/Sach_41/Chuong_15/page_002.png,/BookContent/Sach_41/Chuong_15/page_003.png,/BookContent/Sach_41/Chuong_15/page_004.png,/BookContent/Sach_41/Chuong_15/page_005.png,/BookContent/Sach_41/Chuong_15/page_006.png,/BookContent/Sach_41/Chuong_15/page_007.png,/BookContent/Sach_41/Chuong_15/page_008.png,/BookContent/Sach_41/Chuong_15/page_009.png,/BookContent/Sach_41/Chuong_15/page_010.png,/BookContent/Sach_41/Chuong_15/page_011.png,/BookContent/Sach_41/Chuong_15/page_012.png,/BookContent/Sach_41/Chuong_15/page_013.png', NULL, CAST(N'2025-04-10T08:58:15.950' AS DateTime))
INSERT [dbo].[NoiDungSach] ([IDNoiDung], [IDSach], [SoChuong], [TenChuong], [LoaiNoiDung], [DuongDan], [NoiDungText], [NgayTao]) VALUES (118, 41, 16, N'Tàn sát', N'Image', N'/BookContent/Sach_41/Chuong_16/page_001.png,/BookContent/Sach_41/Chuong_16/page_002.png,/BookContent/Sach_41/Chuong_16/page_003.png,/BookContent/Sach_41/Chuong_16/page_004.png,/BookContent/Sach_41/Chuong_16/page_005.png,/BookContent/Sach_41/Chuong_16/page_006.png,/BookContent/Sach_41/Chuong_16/page_007.png,/BookContent/Sach_41/Chuong_16/page_008.png,/BookContent/Sach_41/Chuong_16/page_009.png,/BookContent/Sach_41/Chuong_16/page_010.png,/BookContent/Sach_41/Chuong_16/page_011.png,/BookContent/Sach_41/Chuong_16/page_012.png,/BookContent/Sach_41/Chuong_16/page_013.png,/BookContent/Sach_41/Chuong_16/page_014.png,/BookContent/Sach_41/Chuong_16/page_015.png,/BookContent/Sach_41/Chuong_16/page_016.png,/BookContent/Sach_41/Chuong_16/page_017.png,/BookContent/Sach_41/Chuong_16/page_018.png', NULL, CAST(N'2025-04-10T09:00:36.260' AS DateTime))
INSERT [dbo].[NoiDungSach] ([IDNoiDung], [IDSach], [SoChuong], [TenChuong], [LoaiNoiDung], [DuongDan], [NoiDungText], [NgayTao]) VALUES (119, 41, 17, N'Cuộc hội hợp của những kẻ bạo gan', N'Image', N'/BookContent/Sach_41/Chuong_17/page_001.png,/BookContent/Sach_41/Chuong_17/page_002.png,/BookContent/Sach_41/Chuong_17/page_003.png,/BookContent/Sach_41/Chuong_17/page_004.png,/BookContent/Sach_41/Chuong_17/page_005.png,/BookContent/Sach_41/Chuong_17/page_006.png,/BookContent/Sach_41/Chuong_17/page_007.png,/BookContent/Sach_41/Chuong_17/page_008.png,/BookContent/Sach_41/Chuong_17/page_009.png,/BookContent/Sach_41/Chuong_17/page_010.png,/BookContent/Sach_41/Chuong_17/page_011.png,/BookContent/Sach_41/Chuong_17/page_012.png,/BookContent/Sach_41/Chuong_17/page_013.png,/BookContent/Sach_41/Chuong_17/page_014.png,/BookContent/Sach_41/Chuong_17/page_015.png,/BookContent/Sach_41/Chuong_17/page_016.png', NULL, CAST(N'2025-04-10T09:04:28.333' AS DateTime))
INSERT [dbo].[NoiDungSach] ([IDNoiDung], [IDSach], [SoChuong], [TenChuong], [LoaiNoiDung], [DuongDan], [NoiDungText], [NgayTao]) VALUES (120, 41, 18, N'Em muốn chị làm sư phụ', N'Image', N'/BookContent/Sach_41/Chuong_18/page_001.png,/BookContent/Sach_41/Chuong_18/page_002.png,/BookContent/Sach_41/Chuong_18/page_003.png,/BookContent/Sach_41/Chuong_18/page_004.png,/BookContent/Sach_41/Chuong_18/page_005.png,/BookContent/Sach_41/Chuong_18/page_006.png,/BookContent/Sach_41/Chuong_18/page_007.png,/BookContent/Sach_41/Chuong_18/page_008.png,/BookContent/Sach_41/Chuong_18/page_009.png,/BookContent/Sach_41/Chuong_18/page_010.png,/BookContent/Sach_41/Chuong_18/page_011.png,/BookContent/Sach_41/Chuong_18/page_012.png,/BookContent/Sach_41/Chuong_18/page_013.png,/BookContent/Sach_41/Chuong_18/page_014.png,/BookContent/Sach_41/Chuong_18/page_015.png,/BookContent/Sach_41/Chuong_18/page_016.png,/BookContent/Sach_41/Chuong_18/page_017.png,/BookContent/Sach_41/Chuong_18/page_018.png,/BookContent/Sach_41/Chuong_18/page_019.png,/BookContent/Sach_41/Chuong_18/page_020.png', NULL, CAST(N'2025-04-10T09:14:45.573' AS DateTime))
INSERT [dbo].[NoiDungSach] ([IDNoiDung], [IDSach], [SoChuong], [TenChuong], [LoaiNoiDung], [DuongDan], [NoiDungText], [NgayTao]) VALUES (121, 41, 19, N'Sự biến mất bí ẩn', N'Image', N'/BookContent/Sach_41/Chuong_19/page_001.png,/BookContent/Sach_41/Chuong_19/page_002.png,/BookContent/Sach_41/Chuong_19/page_003.png,/BookContent/Sach_41/Chuong_19/page_004.png,/BookContent/Sach_41/Chuong_19/page_005.png,/BookContent/Sach_41/Chuong_19/page_006.png,/BookContent/Sach_41/Chuong_19/page_007.png,/BookContent/Sach_41/Chuong_19/page_008.png,/BookContent/Sach_41/Chuong_19/page_009.png,/BookContent/Sach_41/Chuong_19/page_010.png,/BookContent/Sach_41/Chuong_19/page_011.png,/BookContent/Sach_41/Chuong_19/page_012.png,/BookContent/Sach_41/Chuong_19/page_013.png,/BookContent/Sach_41/Chuong_19/page_014.png,/BookContent/Sach_41/Chuong_19/page_015.png,/BookContent/Sach_41/Chuong_19/page_016.png,/BookContent/Sach_41/Chuong_19/page_017.png,/BookContent/Sach_41/Chuong_19/page_018.png,/BookContent/Sach_41/Chuong_19/page_019.png,/BookContent/Sach_41/Chuong_19/page_020.png,/BookContent/Sach_41/Chuong_19/page_021.png,/BookContent/Sach_41/Chuong_19/page_022.png,/BookContent/Sach_41/Chuong_19/page_023.png,/BookContent/Sach_41/Chuong_19/page_024.png', NULL, CAST(N'2025-04-10T09:16:28.437' AS DateTime))
INSERT [dbo].[NoiDungSach] ([IDNoiDung], [IDSach], [SoChuong], [TenChuong], [LoaiNoiDung], [DuongDan], [NoiDungText], [NgayTao]) VALUES (122, 42, 1, N'Mở đầu', N'File', N'/BookContent/Sach_42/Chuong_1/content_45136550719a453db979d70e7489437c.txt', NULL, CAST(N'2025-04-10T09:32:10.383' AS DateTime))
INSERT [dbo].[NoiDungSach] ([IDNoiDung], [IDSach], [SoChuong], [TenChuong], [LoaiNoiDung], [DuongDan], [NoiDungText], [NgayTao]) VALUES (123, 42, 2, N'Cuộc sống mới', N'File', N'/BookContent/Sach_42/Chuong_2/content_07af6bf4f82c4a9a94cf8e4f4775753f.txt', NULL, CAST(N'2025-04-10T09:33:49.797' AS DateTime))
INSERT [dbo].[NoiDungSach] ([IDNoiDung], [IDSach], [SoChuong], [TenChuong], [LoaiNoiDung], [DuongDan], [NoiDungText], [NgayTao]) VALUES (124, 42, 3, N'Khám phá ngôi nhà', N'File', N'/BookContent/Sach_42/Chuong_3/content_2ebd170ee50a414abc2e59412d2a0455.txt', NULL, CAST(N'2025-04-10T09:34:21.300' AS DateTime))
INSERT [dbo].[NoiDungSach] ([IDNoiDung], [IDSach], [SoChuong], [TenChuong], [LoaiNoiDung], [DuongDan], [NoiDungText], [NgayTao]) VALUES (125, 42, 4, N'Khám phá thị trấn', N'File', N'/BookContent/Sach_42/Chuong_4/content_d81d25ba2c364ad2a9b49fc2fdc7847e.txt', NULL, CAST(N'2025-04-10T09:34:59.653' AS DateTime))
INSERT [dbo].[NoiDungSach] ([IDNoiDung], [IDSach], [SoChuong], [TenChuong], [LoaiNoiDung], [DuongDan], [NoiDungText], [NgayTao]) VALUES (126, 42, 5, N'Sách: Không thể với tới', N'File', N'/BookContent/Sach_42/Chuong_5/content_83970645f75c41d285ac44b4ef670193.txt', NULL, CAST(N'2025-04-10T09:35:35.770' AS DateTime))
INSERT [dbo].[NoiDungSach] ([IDNoiDung], [IDSach], [SoChuong], [TenChuong], [LoaiNoiDung], [DuongDan], [NoiDungText], [NgayTao]) VALUES (127, 42, 6, N'Giao đoạn: Em gái của tôi đã trở nên kỳ lạ.', N'File', N'/BookContent/Sach_42/Chuong_6/content_7993b7db6c37482ab5c7843826b8294f.txt', NULL, CAST(N'2025-04-10T09:36:04.587' AS DateTime))
INSERT [dbo].[NoiDungSach] ([IDNoiDung], [IDSach], [SoChuong], [TenChuong], [LoaiNoiDung], [DuongDan], [NoiDungText], [NgayTao]) VALUES (128, 43, 1, N'Cuộc sống thường nhật của anh em nhà Mitsuki', N'File', N'/BookContent/Sach_43/Chuong_1/content_667a92ae3a5a45f68871951ac248dfa6.txt', NULL, CAST(N'2025-04-10T09:41:45.217' AS DateTime))
INSERT [dbo].[NoiDungSach] ([IDNoiDung], [IDSach], [SoChuong], [TenChuong], [LoaiNoiDung], [DuongDan], [NoiDungText], [NgayTao]) VALUES (129, 44, 1, N'Mở đầu - Câu chuyện romcom học đường đau thương của cựu nhân vật chính bị giáng cấp xuống thành nhân vật nền', N'File', N'/BookContent/Sach_44/Chuong_1/content_2796079a54fd499c88413c8be2074c6c.txt', NULL, CAST(N'2025-04-10T09:45:04.610' AS DateTime))
INSERT [dbo].[NoiDungSach] ([IDNoiDung], [IDSach], [SoChuong], [TenChuong], [LoaiNoiDung], [DuongDan], [NoiDungText], [NgayTao]) VALUES (130, 44, 2, N'Thiếu nữ trầm lặng chỉ nói nhiều với mỗi mình tôi', N'File', N'/BookContent/Sach_44/Chuong_2/content_809120f64bc148428007e9e9e63f8cd1.txt', NULL, CAST(N'2025-04-10T09:46:24.657' AS DateTime))
INSERT [dbo].[NoiDungSach] ([IDNoiDung], [IDSach], [SoChuong], [TenChuong], [LoaiNoiDung], [DuongDan], [NoiDungText], [NgayTao]) VALUES (131, 44, 3, N'Thanh mai trúc mã của nhân vật chính Harem là một người thích tám chuyện', N'File', N'/BookContent/Sach_44/Chuong_3/content_d223781e0eac4c69a7057c913cb8026b.txt', NULL, CAST(N'2025-04-10T09:46:56.760' AS DateTime))
INSERT [dbo].[NoiDungSach] ([IDNoiDung], [IDSach], [SoChuong], [TenChuong], [LoaiNoiDung], [DuongDan], [NoiDungText], [NgayTao]) VALUES (132, 44, 4, N'Không phải lúc nào bạn thuở nhỏ cũng trở thành nữ chính', N'File', N'/BookContent/Sach_44/Chuong_4/content_32358f81834549548e3db5d773cf4440.txt', NULL, CAST(N'2025-04-10T09:47:23.810' AS DateTime))
INSERT [dbo].[NoiDungSach] ([IDNoiDung], [IDSach], [SoChuong], [TenChuong], [LoaiNoiDung], [DuongDan], [NoiDungText], [NgayTao]) VALUES (133, 44, 5, N'Người mà những người tôi yêu trở nên yêu đang yêu lại thích tôi', N'File', N'/BookContent/Sach_44/Chuong_5/content_b0af20afcef54b6cb0fee22eb12244ea.txt', NULL, CAST(N'2025-04-10T09:47:44.013' AS DateTime))
INSERT [dbo].[NoiDungSach] ([IDNoiDung], [IDSach], [SoChuong], [TenChuong], [LoaiNoiDung], [DuongDan], [NoiDungText], [NgayTao]) VALUES (134, 44, 6, N'Người bạn đầu tiên', N'File', N'/BookContent/Sach_44/Chuong_6/content_fd59f2a1c54d436489414bfab90d8c23.txt', NULL, CAST(N'2025-04-10T09:48:30.897' AS DateTime))
INSERT [dbo].[NoiDungSach] ([IDNoiDung], [IDSach], [SoChuong], [TenChuong], [LoaiNoiDung], [DuongDan], [NoiDungText], [NgayTao]) VALUES (135, 44, 7, N'Shiho-chan nói nhiều lại nhút nhát kinh khủng', N'File', N'/BookContent/Sach_44/Chuong_7/content_b5d1cf2f132f441a9fdc6d7bc95d2d39.txt', NULL, CAST(N'2025-04-10T09:48:44.713' AS DateTime))
INSERT [dbo].[NoiDungSach] ([IDNoiDung], [IDSach], [SoChuong], [TenChuong], [LoaiNoiDung], [DuongDan], [NoiDungText], [NgayTao]) VALUES (136, 44, 8, N'Thiện chí áp đặt là đặc quyền của nhân vật chính', N'File', N'/BookContent/Sach_44/Chuong_8/content_d9c7c60554fb4e179d5b6a51d11677fd.txt', NULL, CAST(N'2025-04-10T09:49:02.247' AS DateTime))
INSERT [dbo].[NoiDungSach] ([IDNoiDung], [IDSach], [SoChuong], [TenChuong], [LoaiNoiDung], [DuongDan], [NoiDungText], [NgayTao]) VALUES (137, 44, 9, N'Khoảnh khắc nhân vật chính-sama lần đầu nhận ra sự tồn tại của nhân vật nền', N'File', N'/BookContent/Sach_44/Chuong_9/content_f44f736c3e114426aa988044cbb3bb91.txt', NULL, CAST(N'2025-04-10T09:54:28.723' AS DateTime))
INSERT [dbo].[NoiDungSach] ([IDNoiDung], [IDSach], [SoChuong], [TenChuong], [LoaiNoiDung], [DuongDan], [NoiDungText], [NgayTao]) VALUES (138, 44, 10, N'Thiếu nữ trầm lặng lại chuyện trò đầy cảm xúc', N'File', N'/BookContent/Sach_44/Chuong_10/content_bfc60870a86f413882371e33118e5f0d.txt', NULL, CAST(N'2025-04-10T09:54:48.643' AS DateTime))
INSERT [dbo].[NoiDungSach] ([IDNoiDung], [IDSach], [SoChuong], [TenChuong], [LoaiNoiDung], [DuongDan], [NoiDungText], [NgayTao]) VALUES (139, 45, 1, N'Thiên thần-sama là một cô gái tuyệt vời', N'File', N'/BookContent/Sach_45/Chuong_1/content_cbe8db62a2294bb4924e31c4c795cd5d.txt', NULL, CAST(N'2025-04-10T10:27:54.280' AS DateTime))
INSERT [dbo].[NoiDungSach] ([IDNoiDung], [IDSach], [SoChuong], [TenChuong], [LoaiNoiDung], [DuongDan], [NoiDungText], [NgayTao]) VALUES (140, 45, 2, N'Món quà của Thiên thần-sama', N'File', N'/BookContent/Sach_45/Chuong_2/content_d7dec6d12945408aa199644b2a63bbaa.txt', NULL, CAST(N'2025-04-10T10:28:09.810' AS DateTime))
INSERT [dbo].[NoiDungSach] ([IDNoiDung], [IDSach], [SoChuong], [TenChuong], [LoaiNoiDung], [DuongDan], [NoiDungText], [NgayTao]) VALUES (141, 45, 3, N'Thiên thần-sama là một cô y tá', N'File', N'/BookContent/Sach_45/Chuong_3/content_d35c67dcf1dc4283930c84b21f4886fa.txt', NULL, CAST(N'2025-04-10T10:28:45.683' AS DateTime))
INSERT [dbo].[NoiDungSach] ([IDNoiDung], [IDSach], [SoChuong], [TenChuong], [LoaiNoiDung], [DuongDan], [NoiDungText], [NgayTao]) VALUES (142, 45, 4, N'Hoàn cảnh của thiên thần-sama', N'File', N'/BookContent/Sach_45/Chuong_4/content_d78096974d844c9eafc2f67c8717a61c.txt', NULL, CAST(N'2025-04-10T10:32:43.457' AS DateTime))
INSERT [dbo].[NoiDungSach] ([IDNoiDung], [IDSach], [SoChuong], [TenChuong], [LoaiNoiDung], [DuongDan], [NoiDungText], [NgayTao]) VALUES (143, 45, 5, N'Cuộc gặp gỡ trong tiết trời lạnh lẽo', N'File', N'/BookContent/Sach_45/Chuong_5/content_a7ad4b1642114b1f85c5df5e1f04df84.txt', NULL, CAST(N'2025-04-10T11:00:57.767' AS DateTime))
INSERT [dbo].[NoiDungSach] ([IDNoiDung], [IDSach], [SoChuong], [TenChuong], [LoaiNoiDung], [DuongDan], [NoiDungText], [NgayTao]) VALUES (144, 45, 6, N'Phước lành của Thiên thần-sama', N'File', N'/BookContent/Sach_45/Chuong_6/content_516cc05a44624ec39454909a6c4f6059.txt', NULL, CAST(N'2025-04-10T11:01:30.520' AS DateTime))
INSERT [dbo].[NoiDungSach] ([IDNoiDung], [IDSach], [SoChuong], [TenChuong], [LoaiNoiDung], [DuongDan], [NoiDungText], [NgayTao]) VALUES (145, 45, 7, N'Thiên thần-sama như một người mẹ', N'File', N'/BookContent/Sach_45/Chuong_7/content_dd0e91c6acfb44458630ff18d5d7f82b.txt', NULL, CAST(N'2025-04-10T11:01:46.583' AS DateTime))
INSERT [dbo].[NoiDungSach] ([IDNoiDung], [IDSach], [SoChuong], [TenChuong], [LoaiNoiDung], [DuongDan], [NoiDungText], [NgayTao]) VALUES (146, 45, 8, N'Thiên thần - sama nổi tiếng là người thân thiện với môi trường', N'File', N'/BookContent/Sach_45/Chuong_8/content_7bd1a63a09f04314b5274ceba516d443.txt', NULL, CAST(N'2025-04-10T11:07:17.813' AS DateTime))
INSERT [dbo].[NoiDungSach] ([IDNoiDung], [IDSach], [SoChuong], [TenChuong], [LoaiNoiDung], [DuongDan], [NoiDungText], [NgayTao]) VALUES (147, 45, 9, N'Khóa học dọn dẹp của Thiên thần -sama', N'File', N'/BookContent/Sach_45/Chuong_9/content_7c3434db3aa145c9aec7a34d6b4a6aac.txt', NULL, CAST(N'2025-04-10T11:07:37.900' AS DateTime))
INSERT [dbo].[NoiDungSach] ([IDNoiDung], [IDSach], [SoChuong], [TenChuong], [LoaiNoiDung], [DuongDan], [NoiDungText], [NgayTao]) VALUES (148, 45, 10, N'Thiên thần – sama là Tổng tư lệnh Chiến dịch Dọn dẹp', N'File', N'/BookContent/Sach_45/Chuong_10/content_f6e7830442af4e9fa27db8033d00cd41.txt', NULL, CAST(N'2025-04-10T11:07:58.820' AS DateTime))
INSERT [dbo].[NoiDungSach] ([IDNoiDung], [IDSach], [SoChuong], [TenChuong], [LoaiNoiDung], [DuongDan], [NoiDungText], [NgayTao]) VALUES (149, 45, 11, N'‘Lần đầu’ của Thiên thần – sama', N'File', N'/BookContent/Sach_45/Chuong_11/content_3662f97a4cfd47d4bd12a895695cf8d1.txt', NULL, CAST(N'2025-04-10T11:08:15.463' AS DateTime))
INSERT INTO [dbo].[NoiDungSach] ([IDNoiDung], [IDSach], [SoChuong], [TenChuong], [LoaiNoiDung], [DuongDan], [NoiDungText], [NgayTao]) VALUES (7, 11, 1, N'Chương 1: Linh Cảm Khó Chịu', N'Text', NULL, N'Tiếng két phanh gấp phá vỡ không gian tĩnh lặng, khiến tất cả hành khách trên chuyến tàu điện bất giác nghiêng người về trước. Lâm Tuấn nhìn qua khung kính, đôi mày khé nhêu lại. Có gì đó khác lạ với thường lệ, một linh cảm bí ẩn khiến anh không thể bỏ qua. Cảm giác này, trước đây anh chưa từng trải qua, nhưng lại rõ rộ đến nổi làm anh thấy bất an. Bên kia toa tàu, một cô gái với làn da trắng và mái tóc đen nhánh đang bắm chặt quai tóp. Cô càng nhìn càng quen, nhưng Lâm Tuấn không nhớ nổi đã gặp đối phương ở đâu. Từ góc nhìn của mình, anh nhận ra hai gã thanh niên đằng sau cô. Bọn họ có biểu hiện bất thường. Một tên dường như vô tình chạm vào vai cô gái, trong khi tên còn lại dằm chân lên váy cô. Cô gái rút tay lại, và điều đó khiến hai gã thanh niên cười khảy. Lâm Tuấn khép mí mắt, cảm giác bức bốc dần trào dâng. Anh bước tới, và khi một trong hai tên định đặt tay lên eo cô gái, Lâm Tuấn không ngần ngại mà chỗp lấy cổ tay hắn, vặn mạnh khiến hắn hít một hơi lớn. "Mày đang làm gì đó?" Lâm Tuấn nhến mắt hỏi, giọng điềm tĩnh nhưng đầy áp lực. Gã thanh niên bất ngờ bị tóm, hắn định trân một giây rồi mới nhéo miệng: "Mày là ai? Liên quan gì tới mày?" Lâm Tuấn nhè nhẹ siết chặt tay hơn. "Cút." Tên kia nhăn nhó, rút tay về. Gã còn lại lặng lẽ, rồi cả hai lẩm bắm rời bước nhanh ra khỏi toa tàu. Cô gái chầm chập ngắc nhìn Lâm Tuấn, đôi mắt đệ phản chiếu ánh đèn toa tàu. "Cảm ơn..." Lâm Tuấn lắc đầu, lặng lẽ quay lái chỗ ngồi cũ. Khi cánh cửa toa tàu đóng lại, anh nhìn thấy phán chiếu của mình trên kính, trong đó, ánh mắt của cô gái vẫn đang dành cho anh. Linh cảm bí ẩn trong lòng chưa tan biến, nhưng anh không biết rằng, cuộc gặp gỡ này sẽ thay đổi cuộc đời mình mãi mãi.', N'2025-04-03 23:33:29');
INSERT INTO [dbo].[NoiDungSach] ([IDNoiDung], [IDSach], [SoChuong], [TenChuong], [LoaiNoiDung], [DuongDan], [NoiDungText], [NgayTao]) VALUES (8, 11, 2, N'Chương 02: Có khủng bố', N'File', N'BookContent/Sach_11/Chuong_2/06d63b1f-1b6b-43a8-81d2-d74a0f639f47.txt', NULL, N'2025-04-03 23:39:49');
INSERT INTO [dbo].[NoiDungSach] ([IDNoiDung], [IDSach], [SoChuong], [TenChuong], [LoaiNoiDung], [DuongDan], [NoiDungText], [NgayTao]) VALUES (9, 13, 1, N'abc', N'Image', N'BookContent/Sach_13/Chuong_1/page_001.png,BookContent/Sach_13/Chuong_1/page_002.png,BookContent/Sach_13/Chuong_1/page_003.png,BookContent/Sach_13/Chuong_1/page_004.png,BookContent/Sach_13/Chuong_1/page_005.png,BookContent/Sach_13/Chuong_1/page_006.png,BookContent/Sach_13/Chuong_1/page_007.png,BookContent/Sach_13/Chuong_1/page_008.png,BookContent/Sach_13/Chuong_1/page_009.png,BookContent/Sach_13/Chuong_1/page_010.png', NULL, N'2025-04-04 01:23:00');
INSERT INTO [dbo].[NoiDungSach] ([IDNoiDung], [IDSach], [SoChuong], [TenChuong], [LoaiNoiDung], [DuongDan], [NoiDungText], [NgayTao]) VALUES (10, 10, 1, N'CLIP.1: SỰ TẬN TÂM', N'Image', N'BookContent/Sach_10/Chuong_1/page_001.jpg', NULL, N'2025-04-04 01:28:59');
INSERT INTO [dbo].[NoiDungSach] ([IDNoiDung], [IDSach], [SoChuong], [TenChuong], [LoaiNoiDung], [DuongDan], [NoiDungText], [NgayTao]) VALUES (11, 13, 2, N'húi', N'Image', N'BookContent/Sach_13/Chuong_2/page_001.png,BookContent/Sach_13/Chuong_2/page_002.png,BookContent/Sach_13/Chuong_2/page_003.png,BookContent/Sach_13/Chuong_2/page_004.png,BookContent/Sach_13/Chuong_2/page_005.png,BookContent/Sach_13/Chuong_2/page_006.png,BookContent/Sach_13/Chuong_2/page_007.png,BookContent/Sach_13/Chuong_2/page_008.png', NULL, N'2025-04-04 01:37:14');
INSERT INTO [dbo].[NoiDungSach] ([IDNoiDung], [IDSach], [SoChuong], [TenChuong], [LoaiNoiDung], [DuongDan], [NoiDungText], [NgayTao]) VALUES (12, 13, 3, N'2fsa', N'Image', N'BookContent/Sach_13/Chuong_3/page_001.png,BookContent/Sach_13/Chuong_3/page_002.png,BookContent/Sach_13/Chuong_3/page_003.png,BookContent/Sach_13/Chuong_3/page_004.png,BookContent/Sach_13/Chuong_3/page_005.png,BookContent/Sach_13/Chuong_3/page_006.png,BookContent/Sach_13/Chuong_3/page_007.png,BookContent/Sach_13/Chuong_3/page_008.png,BookContent/Sach_13/Chuong_3/page_009.png,BookContent/Sach_13/Chuong_3/page_010.png', NULL, N'2025-04-04 01:37:43');
INSERT INTO [dbo].[NoiDungSach] ([IDNoiDung], [IDSach], [SoChuong], [TenChuong], [LoaiNoiDung], [DuongDan], [NoiDungText], [NgayTao]) VALUES (13, 13, 4, N'rfsaf', N'Image', N'BookContent/Sach_13/Chuong_4/page_001.png,BookContent/Sach_13/Chuong_4/page_002.png,BookContent/Sach_13/Chuong_4/page_003.png,BookContent/Sach_13/Chuong_4/page_004.png,BookContent/Sach_13/Chuong_4/page_005.png,BookContent/Sach_13/Chuong_4/page_006.png,BookContent/Sach_13/Chuong_4/page_007.png,BookContent/Sach_13/Chuong_4/page_008.png,BookContent/Sach_13/Chuong_4/page_009.png', NULL, N'2025-04-04 01:38:10');
INSERT INTO [dbo].[NoiDungSach] ([IDNoiDung], [IDSach], [SoChuong], [TenChuong], [LoaiNoiDung], [DuongDan], [NoiDungText], [NgayTao]) VALUES (16, 11, 3, N'chương 3', N'Text', NULL, N'test', N'2025-04-04 12:10:26');
    SET IDENTITY_INSERT [dbo].[NoiDungSach] OFF;
END
ELSE
BEGIN
    PRINT N'Bảng NoiDungSach đã có dữ liệu, bỏ qua chèn.';
END
GO

PRINT N'Chèn dữ liệu TuongTac...';
IF NOT EXISTS (SELECT 1 FROM dbo.TuongTac)
BEGIN
    SET IDENTITY_INSERT [dbo].[TuongTac] ON;
INSERT INTO [dbo].[TuongTac] ([IDTuongTac], [IDNguoiDung], [IDSach], [SoChap], [BinhLuan], [NgayBinhLuan]) VALUES (1, 8, 11, 1, N'hay', N'2025-04-06 07:23:18');
INSERT INTO [dbo].[TuongTac] ([IDTuongTac], [IDNguoiDung], [IDSach], [SoChap], [BinhLuan], [NgayBinhLuan]) VALUES (2, 8, 11, 2, N'hay', N'2025-04-06 14:33:14');
INSERT INTO [dbo].[TuongTac] ([IDTuongTac], [IDNguoiDung], [IDSach], [SoChap], [BinhLuan], [NgayBinhLuan]) VALUES (3, 10, 13, 1, N'hay á', N'2025-04-06 14:50:02');
INSERT INTO [dbo].[TuongTac] ([IDTuongTac], [IDNguoiDung], [IDSach], [SoChap], [BinhLuan], [NgayBinhLuan]) VALUES (4, 8, 13, 4, N'hay', N'2025-04-06 15:27:15');
INSERT INTO [dbo].[TuongTac] ([IDTuongTac], [IDNguoiDung], [IDSach], [SoChap], [BinhLuan], [NgayBinhLuan]) VALUES (5, 8, 13, 1, N'hmm', N'2025-04-06 16:09:58');
INSERT INTO [dbo].[TuongTac] ([IDTuongTac], [IDNguoiDung], [IDSach], [SoChap], [BinhLuan], [NgayBinhLuan]) VALUES (6, 8, 13, 1, N'hmm', N'2025-04-06 16:10:00');
    SET IDENTITY_INSERT [dbo].[TuongTac] OFF;
END
ELSE
BEGIN
    PRINT N'Bảng TuongTac đã có dữ liệu, bỏ qua chèn.';
END
GO

PRINT N'Chèn dữ liệu TuSach...';
IF NOT EXISTS (SELECT 1 FROM dbo.TuSach)
BEGIN
    -- Bảng TuSach không dùng IDENTITY_INSERT vì khóa chính là ghép (IDNguoiDung, IDSach)
INSERT INTO [dbo].[TuSach] ([IDNguoiDung], [IDSach], [NgayThem], [ViTriDoc]) VALUES (8, 10, N'2025-04-06 07:33:25', N'1');
INSERT INTO [dbo].[TuSach] ([IDNguoiDung], [IDSach], [NgayThem], [ViTriDoc]) VALUES (8, 11, N'2025-04-06 06:49:51', N'2');
INSERT INTO [dbo].[TuSach] ([IDNguoiDung], [IDSach], [NgayThem], [ViTriDoc]) VALUES (8, 12, N'2025-04-06 06:44:57', NULL);
INSERT INTO [dbo].[TuSach] ([IDNguoiDung], [IDSach], [NgayThem], [ViTriDoc]) VALUES (8, 13, N'2025-04-06 06:46:08', N'3');
INSERT INTO [dbo].[TuSach] ([IDNguoiDung], [IDSach], [NgayThem], [ViTriDoc]) VALUES (10, 10, N'2025-04-06 14:49:17', N'1');
INSERT INTO [dbo].[TuSach] ([IDNguoiDung], [IDSach], [NgayThem], [ViTriDoc]) VALUES (10, 12, N'2025-04-06 14:49:17', NULL);
INSERT INTO [dbo].[TuSach] ([IDNguoiDung], [IDSach], [NgayThem], [ViTriDoc]) VALUES (10, 13, N'2025-04-06 14:49:17', N'3');
INSERT INTO [dbo].[TuSach] ([IDNguoiDung], [IDSach], [NgayThem], [ViTriDoc]) VALUES (10, 22, N'2025-04-07 02:43:27', NULL);
END
ELSE
BEGIN
    PRINT N'Bảng TuSach đã có dữ liệu, bỏ qua chèn.';
END
GO

PRINT N'Hoàn thành tạo bảng và chèn dữ liệu (nếu bảng trống)!';